source,target,value
Naruto,Sasuke,891
Sakura,Sasuke,527
Naruto,Sakura,462
Hinata,Naruto,345
Orochimaru,Sasuke,280
Akamaru,Kiba,251
Kurenai,Yakumo,229
Kiba,Naruto,224
Kakashi,Sasuke,219
Naruto,Tsunade,187
Akamaru,Naruto,186
Ino,Sakura,183
Kakashi,Naruto,154
Naruto,Neji,144
Naruto,Orochimaru,127
Iruka,Naruto,123
Lee,Naruto,118
Guy,Lee,110
Lee,Sasuke,109
Gaara,Sasuke,106
Burn,Oli,104
Choji,Naruto,104
Naruto,Shikamaru,101
Hokage,Naruto,98
Hinata,Kiba,95
Orochimaru,Tsunade,88
Sasuke,Uchiha,88
Arashi,Sasame,85
Choji,Shikamaru,85
Gaara,Naruto,84
Akahoshi,Sumaru,82
Sasuke,Shikamaru,82
Hinata,Neji,81
Mizuki,Naruto,81
Chishima,Toki,80
Raiga,Ranmaru,78
Jiraiya,Naruto,76
Akio,Gantetsu,76
Naruto,the,76
Iruka,Mizuki,73
Kakashi,Sakura,73
Hinata,Shino,73
Naruto,–,71
Naruto,Shino,69
Moso,Sagi,69
Orochimaru,Sasame,69
Gaara,Lee,69
Neji,Sasuke,67
Arashi,Orochimaru,67
Ino,Sasuke,66
Lee,Sakura,64
Naruto,Pervy,63
Itachi,Sasuke,63
Sasuke,Tsunade,60
Sagi,Toki,58
Komei,Moso,57
Lee,Neji,56
Akamaru,Hinata,56
Komei,Sagi,54
Hokage,Sasuke,53
Choji,Hinata,52
Byakugan,Naruto,52
Jiraiya,Tsunade,51
Arashi,Naruto,50
Kurenai,Naruto,48
Mizuki,Orochimaru,48
Menma,Naruto,47
Kabuto,Sasuke,47
Naruto,Zabuza,47
Sagi,the,47
Naruto,Rasengan,47
Guy,Naruto,47
Naruto,Yakumo,46
Chishima,Naruto,45
Choji,Sasuke,44
Byakugan,Hinata,43
Gantetsu,Todoroki,43
Naruto,The,43
Sakura,Shikamaru,43
Komei,the,42
Kiba,Shino,42
Choji,Neji,42
Chidori,Sasuke,41
Konohamaru,Naruto,41
Akio,Todoroki,40
Choji,Kiba,39
Kimimaro,Orochimaru,39
Chunin,Sasuke,39
Natsuhiboshi,Sumaru,39
Hinata,Sasuke,38
Bushy,Lee,38
Jiraiya,Orochimaru,37
Naruto,Sasame,37
Kurenai,Sensei,37
Moso,the,36
Naruto,Tazuna,36
Kakashi,Lee,36
Sakura,Sasame,36
Sannin,Tsunade,36
Byakugan,Neji,35
Naruto,Toki,35
Choji,Ino,35
Hokage,Tsunade,35
Chishima,Sagi,34
Sakura,Tsunade,34
Bushy,Naruto,34
Humph,Naruto,33
Akio,Naruto,33
Ino,Naruto,33
Hanzaki,Sasame,33
Gaara,Sakura,33
Naruto,Ninja,33
Sasuke,Sharingan,32
Anko,Orochimaru,32
Guy,Sasuke,32
Orochimaru,Sakura,32
Sasuke,Yoroi,31
Chidori,Naruto,31
Gantetsu,Naruto,31
Kakashi,Zabuza,30
Guy,Kakashi,30
Shizune,Tsunade,29
Natsuhi,Sumaru,29
Ino,Shikamaru,29
Akamaru,Shino,29
Haruna,Naruto,29
Kiba,Sasuke,29
Kiba,Shikamaru,29
Orochimaru,the,29
Kurenai,Sakura,29
Kurenai,Shino,29
Hanzaki,Orochimaru,29
Murakumo,Yakumo,29
Gaara,Kankuro,29
Naruto,Yurinojou,29
Hinata,Kurenai,28
Kiba,Neji,28
Owashi,Sagi,28
Jiraiya,Pervy,28
Kabuto,Orochimaru,28
Kiba,Kurenai,28
Karashi,Sansho,28
Naruto,Sensei,28
Choji,Yurinojou,28
Naruto,Sagi,27
Iruka,Sasuke,27
Haruna,Kikunojou,27
Fujin,Raijin,27
Arashi,Sasuke,27
Hinata,Sakura,26
Hoshikage,Sumaru,26
Sensei,Yakumo,26
Neji,Tenten,26
Choji,Sakura,26
Chen,Peking,26
Kabuto,Tsunade,26
Itachi,Naruto,26
Mizura,Sumaru,26
Moso,Owashi,25
Komei,Owashi,25
Lee,Sensei,25
Guy,Sakura,25
Kiba,Yakumo,25
Humph,Sasuke,25
Sasuke,Zabuza,24
Kakashi,Orochimaru,24
Neji,Shikamaru,24
Akamaru,Sasuke,24
Akahoshi,Mizura,24
Hinata,Yakumo,24
Gaara,Temari,24
Hokage,Orochimaru,24
Gaara,Shukaku,24
Lee,Tenten,24
Kabuto,Naruto,24
Orochimaru,Shizune,24
Akamaru,Tsunade,23
Gaara,Shikamaru,23
Manda,Orochimaru,23
Gaara,Yashamaru,23
Sasuke,Sensei,23
Pervy,Sakura,23
Naruto,Tenten,23
Mizuki,Tsubaki,23
Orochimaru,Pervy,23
Pervy,Sasuke,23
Haku,Sasuke,23
Tsunade,the,23
Gaara,Kakashi,23
Gaara,Neji,22
Ninja,Sasuke,22
Konohamaru,Tsunade,22
Akahoshi,Hoshikage,22
Naruto,Uchiha,21
Naruto,Sumaru,21
Itachi,Kisame,21
Chunin,Naruto,21
Jiraiya,Sannin,21
Asuma,Kurenai,21
Gaara,Uchiha,21
Jiraiya,Sasame,21
Orochimaru,Sannin,21
Sasuke,the,21
Genno,Naruto,21
Kakashi,Tsunade,21
Hiashi,Hizashi,20
Yakumo,Yuhi,20
Naruto,Shizune,20
Hokage,Iruka,20
Iruka,Orochimaru,20
Guy,Neji,20
Sasuke,Tazuna,20
Tonton,Tsunade,20
Hinata,Yurinojou,20
Haku,Naruto,20
Kiba,Tsunade,20
Naruto,Transform,20
Kakashi,Kurenai,20
Jonin,Naruto,20
Sasuke,Shino,20
Shikamaru,Tsunade,19
Mizuki,Tsunade,19
Gaara,the,19
Gaara,–,19
The,the,19
Karashi,Lee,19
Kikunojou,Naruto,19
Haku,Zabuza,19
Naruto,Shadow,19
Naruto,Sannin,19
Kiba,Sakura,19
Akahoshi,Neji,19
Chidori,Kakashi,19
Hinata,Tsunade,19
Akahoshi,Naruto,18
Neji,Sumaru,18
Shino,Yakumo,18
Iruka,Konohamaru,18
Burn,Tsunade,18
Orochimaru,Sarutobi,18
Guy,Yagura,18
Sakura,Yakumo,18
Genno,Shikamaru,18
Jiraiya,the,18
Hokage,Kiba,18
Gaara,Matsuri,18
Karashi,Raiga,18
Akamaru,Hokage,18
Akamaru,Choji,18
Hinata,Shikamaru,18
Dan,Tsunade,18
Arashi,Sakura,18
Arashi,Hanzaki,18
Sasuke,The,18
Mizuki,Raijin,18
Iruka,Tsubaki,17
Naruto,Todoroki,17
Moso,Toki,17
Gaara,Kazekage,17
Byakugan,Kiba,17
Gosunkugi,Sazanami,17
Sasuke,–,17
Itachi,Kakashi,17
Jutsu,Sasuke,17
Lee,Tsunade,17
Pervy,Sasame,17
Kagero,Sasame,17
Owashi,Toki,17
Bushy,Sasuke,17
Konohamaru,Sasuke,17
Haruna,Hinata,17
Komei,Toki,17
Ayame,Ryonin,17
Sakura,Shino,17
Hinata,–,17
Akahoshi,Natsuhi,17
Karashi,Ranmaru,16
Asuma,Orochimaru,16
Konohamaru,Moegi,16
Boulder,Choji,16
Gantetsu,Monju,16
Isaribi,Naruto,16
Pervy,Tsunade,16
Hokuto,Sumaru,16
Hinata,Hyuga,16
Tazuna,Zabuza,16
Naruto,Onbu,16
Iruka,Tsunade,16
Naruto,Shinobi,16
Idate,Sakura,16
Akamaru,Shikamaru,16
Jin,Tori,16
Fujin,Mizuki,15
Lee,Shikamaru,15
Sasame,Sasuke,15
Lee,Yagura,15
Owashi,the,15
Sakura,the,15
Hinata,Lee,15
Haruna,Yurinojou,15
Jiraiya,Sasuke,15
Naruto,Raiga,15
Hiashi,Hinata,15
Choji,Haruna,15
Tsunade,–,15
Isaribi,the,14
Ino,Shino,14
Pervy,Sannin,14
Neji,Sakura,14
Ne,Tori,14
Guy,Rokusuke,14
Chishima,a,14
Hokage,Kakashi,14
Chishima,Moso,14
Chunin,Jonin,14
Hokage,Konohamaru,14
Sakura,–,14
Akamaru,–,14
Chunin,Shikamaru,14
Itachi,Uchiha,14
Genin,Naruto,14
Kakashi,the,14
Sakura,Sensei,14
Kikusuke,Yurinoshin,13
Kurenai,Unkai,13
Hokage,Sakura,13
Sakura,The,13
Kankuro,Temari,13
Hokuto,Mizura,13
Hoshikage,Naruto,13
Hokage,Uchiha,13
Gato,Naruto,13
Peking,Popo,13
Bodimahattaya-san,Chen,13
Bodimahattaya-san,Popo,13
Sasame,the,13
Bodimahattaya-san,Peking,13
Bodimahattaya-san,Sanchez,13
Ebisu,Naruto,13
Lee,–,13
Genin,Sasuke,13
Sasuke,Zaku,13
Genin,Hinata,13
Jin,saru,13
Bodimahattaya-san,Ole,13
Dojo,Lee,13
Kagero,Orochimaru,13
Chen,Ole,13
Asuma,Kakashi,13
Chen,Popo,13
Ole,Sanchez,13
Neji,Sagi,13
Ole,Tyson,13
Naruto,Tsubaki,13
Idate,Naruto,13
Ole,Peking,13
Akamaru,Byakugan,13
Naruto,Ranmaru,13
Hinata,Janin,13
Hyuga,Neji,13
Akamaru,Sakura,13
Mizuki,Sasuke,13
Bushy,Sakura,13
Sanchez,Tyson,13
Hyuga,Naruto,12
Hinata,Hizashi,12
Dojo,Naruto,12
Jonin,Kurenai,12
Unkai,Yakumo,12
Hizashi,Hyuga,12
Sakura,Tazuna,12
Genno,Leaf,12
Choji,Tsunade,12
Choji,Shino,12
Hanzaki,Jiraiya,12
Gosunkugi,Naruto,12
Genno,Tsunade,12
Ichiraku,Naruto,12
Burn,Pervy,12
Akahoshi,Hokuto,12
Sakura,Zabuza,12
Aoi,Idate,12
Kurenai,Yuhi,11
Kazekage,Sasuke,11
Konohamaru,the,11
Kakashi,Neji,11
Rock,Sasuke,11
Arashi,Jiraiya,11
Jonin,Sasuke,11
Kurenai,the,11
Hinata,Ninja,11
Naruto,that,11
Hokage,Sarutobi,11
The,Tsunade,11
saru,ushi,11
Tora,Tori,11
Byakugan,Kurenai,11
Neji,Tsunade,11
Hayate,Orochimaru,11
Tori,hitsuji,11
Neji,the,11
Hanabi,Hinata,11
Akamaru,Neji,11
Bushy,Tsunade,11
Neji,Shino,11
Guy,Tsunade,11
Akio,Shura,11
Shikamaru,Shino,11
Jin,ushi,11
Kabuto,Kimimaro,11
Jirocho,Naruto,11
Naruto,Proctor,11
Gosunkugi,Hinata,11
Sakura,Uchiha,11
Katsuyu,Orochimaru,11
Karashi,Kurosuki,11
Ne,Uma,11
Kimimaro,Sasuke,11
NARUTO,Naruto,10
Naruto,Sharingan,10
Chishima,Komei,10
Hiashi,the,10
Akatsuki,Sasuke,10
Akio,Sakura,10
Akatsuki,Naruto,10
Humph,Kakashi,10
Idate,Sasuke,10
Sakura,Tenten,10
Saru,Tori,10
Gamabunta,Jiraiya,10
Kakashi,Sharingan,10
Gaara,Orochimaru,10
Karashi,Rokusuke,10
Kakashi,Pervy,10
Byakugan,Shino,10
Naruto,lruka,10
Karashi,Naruto,10
Katsuyu,Tsunade,10
Tori,Uma,10
Gaara,Sand,10
Hitsuji,Tori,10
Hokage,Kazekage,10
Hitsuji,Inu,10
Sagi,Tenten,10
Pervy,the,10
Sakon,Tayuya,10
Gosa,Hinata,10
An,Yakumo,10
Shikamaru,Temari,10
Burn,Naruto,10
Sasuke,Tayuya,10
Iruka,Kakashi,10
Kakashi,Tazuna,10
Orochimaru,Tayuya,10
Kakashi,Kiba,10
Kunoichi,Sakura,10
Orochimaru,The,10
Rasengan,Sasuke,10
Leaf,Naruto,10
Bushy,Guy,10
Moso,Naruto,10
Shino,the,10
Amachi,Orochimaru,10
Ino,Kakashi,10
Inu,Tori,10
Arashi,Kagero,9
Kakashi,Shikamaru,9
Gantetsu,Sakura,9
Arashi,Jigumo,9
Jin,hitsuji,9
Kujaku,Sumaru,9
Dosu,Sasuke,9
Kunihisa,Naruto,9
Kunihisa,Tsunade,9
Kekkei,Sasuke,9
Neji,Ninja,9
Neji,Ranmaru,9
Tori,ushi,9
Neji,Raiga,9
Hinata,the,9
Hotarubi,Sumaru,9
Yakumo,the,9
Nawaki,Tsunade,9
Kankuro,Sasuke,9
Gatsu,Tokichi,9
Gaara,Seimei,9
Konohamaru,Udon,9
Gamabunta,Naruto,9
Kiba,–,9
Kiba,Lee,9
Cricket,Naruto,9
Ino,Kiba,9
Ino,Lee,9
Haku,Sakura,9
Mizura,Naruto,9
Orochimaru,Tsubaki,9
Ninja,Sumaru,9
Ninja,Orochimaru,9
Itachi,Orochimaru,9
Jiraiya,Onbaa,9
Jirobo,Kidomaru,9
Sasuke,that,9
Jirobo,Tayuya,9
Jutsu,Orochimaru,9
Bushy,Gaara,9
Jin,Tora,9
Isaribi,Orochimaru,9
Chunin,Orochimaru,9
Lee,Sand,9
Haku,Kakashi,9
Akamaru,Gosunkugi,9
Choji,Lee,9
Ino,Tsunade,9
Inari,Kakashi,9
Chidori,Sakura,9
Hinata,Jiga,9
Hinata,Kikunojou,9
Temari,Tenten,9
Byakugan,Sasuke,9
Naruto,Udon,9
Naruto,Uzumaki,9
the,–,9
Tori,saru,9
Byakugan,Shikamaru,8
Humph,Tsunade,8
Naruto,Toad,8
Hoki,Sagi,8
Toki,a,8
Hitsuji,Uma,8
Mai,Shino,8
Kakashi,Ninja,8
Jutsu,Naruto,8
Gato,Tazuna,8
Asuma,Fujin,8
Bushy,Dojo,8
The,Toki,8
Chief,Naruto,8
Hiashi,Leaf,8
Hiashi,Hyuga,8
Ninja,the,8
Inu,Ne,8
Lee,Rock,8
Inu,Saru,8
Ne,Saru,8
Konohamaru,–,8
Konohamaru,Lee,8
Kisame,Zabuza,8
Kisame,Raiga,8
Uma,Ushi,8
Hitsuji,Ne,8
Byakugan,Yakumo,8
Burn,Orochimaru,8
Pervy,Shizune,8
Janin,Naruto,8
Rasengan,Sakura,8
Rasengan,–,8
Chunin,Hokage,8
Mizuki,Shikamaru,8
Kurenai,Tsunade,8
Asuma,Ton,8
Lee,Uchiha,8
Gaara,Rock,8
Asuma,Raijin,8
Rock,Sakura,8
Kurosuki,Naruto,8
Kurenai,Murakumo,8
Kurenai,The,8
Orochimaru,Shikamaru,8
Guy,Tenten,8
Guy,Sensei,8
Inu,Uma,8
Choji,Iruka,8
Ninja,Sakura,8
Choji,Genno,8
Burn,Sasuke,8
Shino,Zaku,8
Iruka,Sakura,8
Guy,Karashi,8
Guy,Kurenai,8
Humph,Sakura,8
Hiashi,Ninja,8
Iruka,Rasengan,8
Kurenai,Sasuke,8
Ne,Ushi,8
Kisame,Naruto,8
Hitsuji,Saru,8
Hinata,Leaf,8
Kurenai,Orochimaru,8
Naruto,Natsuhi,8
Hinata,Ino,7
Kakashi,Sagi,7
Gantetsu,–Gantetsu.,7
Gantetsu,Shura,7
Mi,Ne,7
Lee,The,7
Tori,Ushi,7
Chishima,Hoki,7
Menma,Neji,7
Orochimaru,Sensei,7
Haruna,Kikusuke,7
Akamaru,Yakumo,7
Sumaru,Tenten,7
Neji,Orochimaru,7
Old,Yakumo,7
Lee,Sumaru,7
Cursed,Sagi,7
Raijin,Shikamaru,7
Orochimaru,Yoroi,7
Ayame,Hakkaku,7
Gantetsu,Ninja,7
Sakura,Shizune,7
Sasame,a,7
Kakashi,Shino,7
Karashi,Neji,7
Mi,Uma,7
Asuma,Shikamaru,7
Idate,Morino,7
Sasuke,Shinobi,7
Kazekage,Yashamaru,7
Kurenai,Lee,7
Inari,Naruto,7
Roger,Sasuke,7
Sakura,Todoroki,7
Sakura,Temari,7
Chunin,Sakura,7
Jonin,Orochimaru,7
Lee,Sharingan,7
Genin,Lee,7
Naruto,Ruiga,7
Jirobo,Sakon,7
Manda,Tsunade,7
Burn,Jiraiya,7
Anko,Naruto,7
Orochimaru,Raijin,7
Sasuke,Scaredy-Cat,7
Anko,Hokage,7
Sharingan,Zabuza,7
Jiga,Naruto,7
Fujin,Shikamaru,7
Fujin,Orochimaru,7
Raiga,Rokusuke,7
Naruto,Temari,7
Shikamaru,–,7
Ninja,Shinobi,7
Shadow,Sumaru,7
Iruka,Shadow,7
Kakashi,Sensei,7
Choji,The,7
Jin,Ne,7
Choji,Ninja,7
Moegi,Naruto,7
Gosunkugi,Tokichi,7
Konohamaru,Sakura,7
Kikusuke,Naruto,7
Komei,Naruto,7
Byakugan,Hyuga,7
Gaara,Hokage,7
Asuma,Naruto,7
Karashi,Tenten,7
hitsuji,ushi,7
Raijin,Tsunade,7
Hokage,the,7
Kikunojou,Kikusuke,7
Naruto,Shura,7
Naruto,a,7
Fujin,Tsunade,7
Byakugan,the,7
Cha,Sasuke,7
Hokage,Kurenai,7
Yakumo,by,7
Hokage,Shikamaru,6
Hinata,Mizuki,6
Hokage,Humph,6
Hizashi,Neji,6
Bikochu,Naruto,6
Boss,Naruto,6
Ayame,Teuchi,6
Futa,Naruto,6
Sakura,Yagura,6
Asuma,Mizuki,6
Byakugan,Choji,6
Tatsu,Ushi,6
Hinata,Ruiga,6
Hizashi,Lightning,6
Zabuza,the,6
Tora,ushi,6
hitsuji,saru,6
Fifth,Lee,6
Konohamaru,Sarutobi,6
Kimimaro,Mark,6
Kikusuke,Shun,6
Natsuboshi,Sumaru,6
Akamaru,Shadow,6
Hiashi,Neji,6
Naruto,Ya,6
Tatsu,Uma,6
Guy,Kurosuki,6
Inu,Ushi,6
Choji,Mizuki,6
Naruto,Onbaa,6
Shinobi,Zabuza,6
Iruka,Shikamaru,6
Inu,Tatsu,6
Sensei,Tsunade,6
Amachi,Isaribi,6
Guy,Yakumo,6
Ninja,Toki,6
Jiga,Ruiga,6
Itachi,the,6
Choji,Kikunojou,6
Chidori,Rasengan,6
Choji,Hokage,6
Kurosuki,Lee,6
Rasengan,Todoroki,6
Katsuyu,Manda,6
Kakashi,Kisame,6
Kakashi,The,6
Chunin,Neji,6
Moso,Neji,6
Idate,Jirocho,6
Guy,–,6
Guy,Itachi,6
Hanzaki,the,6
Hanzaki,Pervy,6
Akatsuki,Orochimaru,6
Akio,Lee,6
Akio,Monju,6
Leaf,Orochimaru,6
Kurosuki,Rokusuke,6
Lee,Ninja,6
Lee,Orochimaru,6
Leaf,Tsunade,6
Saru,Uma,6
Saru,Ushi,6
Kankuro,Shino,6
Aoi,Naruto,6
Saru,Tatsu,6
Chunin,Idate,6
Jiraiya,Toad,6
Jerk,Naruto,6
Mark,Orochimaru,6
Sasuke,Temari,6
Anko,Sasuke,6
Choji,Yurinoshin,6
Mizuki,lruka,6
Chunin,Gaara,6
Genin,Hyuga,6
Kabuto,Sakura,6
Jutsu,Kakashi,6
Arashi,Pervy,6
Asuma,Choji,6
Chidori,–,6
Haruna,Yurinoshin,6
Ne,Tora,6
Byakugan,Sharingan,6
Nine-Tailed,Sasuke,6
Ne,Tatsu,6
Shura,Todoroki,6
Tenten,the,6
Hiashi,Lightning,6
Akamaru,Lee,6
That,the,6
That,Tsunade,6
Sumaru,the,6
Chishima,McCoy,6
Chishima,Owashi,6
Naruto,Rock,6
Guy,Rock,6
Bushy,–,6
Oli,Tsunade,6
Akio,Bushy-Brows,6
Sasuke,on,6
Genno,Hinata,6
Lee,Sansho,6
Mi,Tori,6
Gantetsu,Lee,6
Lee,Temari,6
Dan,Nawaki,6
Cursed,Komei,6
Kabuto,Kakashi,6
Kakashi,Kankuro,6
Kakashi,Kekkei,6
Bunzo,Senta,6
McCoy,Naruto,6
Kabuto,Shizune,6
Hoki,Moso,6
Hokage,Transform,6
Tatsu,Tori,6
Humph,Orochimaru,6
Humph,the,6
Hitsuji,Ushi,6
Tora,saru,6
Byakugan,Sumaru,6
Byakugan,Ranmaru,6
Hitsuji,Tatsu,6
Akahoshi,the,5
Akahoshi,Ninja,5
Akahoshi,Hotarubi,5
Akahoshi,Yotaka,5
Hoshikage,Hotarubi,5
Hayate,Iruka,5
Hinata,Jibachi,5
Hoki,Toki,5
Humph,Pervy,5
Akamaru,Orochimaru,5
Naruto,Suzumebachi,5
Naruto,Tsukiko,5
Chidori,Gaara,5
Naruto,on,5
Kurama,Yakumo,5
Farewell,Sumaru,5
Killer,Tenten,5
Raiga,Sansho,5
Tora,hitsuji,5
Abate,Yakumo,5
Ne,ushi,5
Orochimaru,–,5
Buddy,Naruto,5
K-Kurenai,Kurenai,5
Gatô,Haku,5
Gato,Kakashi,5
Cursed,Moso,5
Jonin,Yakumo,5
Genin,Tsunade,5
Jirocho,Wasabi,5
Jonin,Lee,5
Genin,Neji,5
Jutsu,Pervy,5
Arashi,the,5
Jirocho,Wagarashi,5
Sasuke,Tori,5
Genin,Kakashi,5
Jirobo,Sasuke,5
Pervy,The,5
Pervy,a,5
Orochimaru,Rasengan,5
Bushy,Jonin,5
Bushy,Kakashi,5
Chunin,Genin,5
Sasuke,Shuriken,5
Anko,the,5
Anko,Tsunade,5
Akamaru,on,5
Sharingan,Uchiha,5
Anbu,Hokage,5
Chunin,Hinata,5
Chunin,Shinobi,5
Jiraiya,Rasengan,5
Jiraiya,Kabuto,5
Asuma,Sasuke,5
Sannin,Sasuke,5
Sand,Shikamaru,5
Asuma,Sakura,5
Gantetsu,Rasengan,5
Sasu,Sasuke,5
Kagero,Naruto,5
Gama,Jiraiya,5
Ayame,Naruto,5
Orochimaru,Sound,5
Owashi,in,5
Byakugan,Hiashi,5
Choji,Chunin,5
Isaribi,lsaribi,5
Grandpa,Hokage,5
Jigumo,Naruto,5
Jigumo,Sakura,5
Jigumo,Sasame,5
Iruka,lruka,5
Iruka,–,5
Ninja,Tsunade,5
Mondai,Poccha,5
Orochimaru,Shinobi,5
Ninja,Shikamaru,5
Orochimaru,Roger,5
Ino,lno,5
Guy,The,5
Guy,Shikamaru,5
Sensei,Shino,5
Shino,Tsunade,5
Shikamaru,Uchiha,5
Akimichi,Choji,5
Guy,Kisame,5
Naruto,Narutos,5
Kayo,Naruto,5
Kazekage,Orochimaru,5
Kujaku,Naruto,5
Kuni,Tsunade,5
Leaf,the,5
Leaf,Sasuke,5
Kuni,Kunihisa,5
Kurosuki,Raiga,5
Gaara,Kimimaro,5
Ryonin,The,5
Ino,Iruka,5
Ino,Kunoichi,5
Akio,Flames,5
Akamaru,Wolf,5
Inu,Mi,5
Inari,Sasuke,5
Byakugan,Guy,5
Chakra,Naruto,5
Chakra,Sasuke,5
Naruto,Roger,5
Natsuhi,Natsuhiboshi,5
Chakra,Hinata,5
Chakra,Kakashi,5
Cha,Naruto,5
Shun,Yurinoshin,5
Tenten,a,5
Naruto,Shiin,5
Naruto,Sand,5
Neji,Uchiha,5
Haruna,Shizune,5
Ryonin,the,5
Ryudouin,Yagura,5
Ryonin,Teuchi,5
Asuma,Ino,5
Gaara,Humph,5
Kiba,Tayuya,5
Fukusuke,Sakura,5
Fukusuke,Idate,5
Fuuma,Sasame,5
Kin,Shikamaru,5
Sakura,Sand,5
Sakon,Sasuke,5
Boss,Idate,5
Komei,in,5
Kisame,the,5
Komei,Neji,5
Byakugan,Sakura,5
Hinata,and,5
Hinata,Orochimaru,5
Hoshikage,Natsuhi,5
Akamaru,Gaara,5
Uroko,Yakumo,5
Hinata,The,5
Tora,Uma,5
Hitsuji,Mi,5
Hinata,Suzumebachi,4
Hokage,Jiraiya,4
A,Orochimaru,4
Agira,Hidden,4
Abate,Kurenai,4
Ablaze,Choji,4
Yakumo,head,4
Udon,–,4
Hokage,Sensei,4
Hokage,Shadow,4
Akamaru,Ino,4
Akamaru,Kakashi,4
Toki,the,4
The,Zabuza,4
Sumaru,The,4
uma,ushi,4
Tazuna,the,4
Akahoshi,Kujaku,4
Tenten,–,4
Sagi,Sharingan,4
Hinata,Hokage,4
Hinata,Ichiraku,4
Boss,Jirocho,4
Kimimaro,Sound,4
Kin,Sasuke,4
Akahoshi,Shisou,4
The,Yakumo,4
Humph,Uchiha,4
Hinata,Kayo,4
Naruto,Yamanaka,4
Naruto,Yoroi,4
Shizune,Ton,4
Natsuhi,The,4
Humph,Kankuro,4
Naruto,Tayuya,4
Naruto,That,4
Naruto,Yagura,4
Naruto,Sazanami,4
Naruto,Scaredy-Cat,4
Humph,Leaf,4
Humph,Lee,4
Humph,Neji,4
Ibiki,Morino,4
Ibiki,Naruto,4
Chief,Toad,4
Beast,Naruto,4
Asuma,Hinata,4
Futa,Kagetsu,4
Kidomaru,Orochimaru,4
Kiba,Sis,4
Sagi,in,4
Gaara,Gaara's,4
Asuma,Itachi,4
Ru,–,4
Kidomaru,Sasuke,4
Kikusuke,Yurinojou,4
Byakugan,Mizura,4
Ibiki,Sasuke,4
Bushy-Brow's,Sasuke,4
Neji,Yagura,4
Humph,Iruka,4
Humph,Itachi,4
Byakugan,Leaf,4
Byakugan,Lee,4
Ne,Sasuke,4
Akamaru,The,4
Akamaru,Genno,4
Hayate,Sasuke,4
Humph,Ino,4
Akio,Rasengan,4
Inari,Sakura,4
Akamaru,Rashomon,4
Gaara,Jutsu,4
Kazekage,Uchiha,4
Dojo,Tsunade,4
Kuni,Naruto,4
Kunai,Naruto,4
Kujaku,Mizura,4
Gaara,Saru,4
Kurenai,Mizuki,4
Kunoichi,Naruto,4
Gaara,Jiraiya,4
Kiba,Sand,4
Kiba,Shadow,4
Kayo,The,4
Gaara,Sagi,4
Gaara,Ne,4
Kazekage,Temari,4
Fuuma,Orochimaru,4
Fukusuke,Wagarashi,4
Akamaru,Fang,4
Akatsuki,Kakashi,4
Ino,Mizuki,4
Chakra,Neji,4
Ibiki,Idate,4
Bushy,Shikamaru,4
Guy,Raiga,4
Chakra,Sumaru,4
Neji,Sand,4
Byakugan,Genno,4
Chishima,the,4
Bushy,Yagura,4
Oli,Sasuke,4
Neji,Rokusuke,4
Iruka,Jutsu,4
Idate,ldate,4
Choji,Ryonin,4
Choji,Sand,4
Itachi,Sharingan,4
Iruka,Jiraiya,4
Kurenai,Ton,4
Sakura,Sharingan,4
Ayame,the,4
Die,Sasuke,4
Rashomon,–,4
Ranmaru,Tenten,4
Lee,Might,4
Rasengan,Tsunade,4
Orochimaru,a,4
Orochimaru,lsaribi,4
Dozaemon,Sakura,4
Gaara,Kujaku,4
Leaf,Ninja,4
Kurosuki,Sasuke,4
Shizune,Yakumo,4
Shukaku,the,4
Guy,Poccha,4
Sensei,the,4
Sensei,Shikamaru,4
Satomi,Yakumo,4
Itachi,Kurenai,4
Iruka,Lee,4
Iruka,Sensei,4
Guy,Mondai,4
Guy,Ninja,4
Iruka,Shinobi,4
Grandpa,Konohamaru,4
Kagetsu,Naruto,4
Gaara,The,4
Kakashi,Shinobi,4
Sarutobi,Tsunade,4
Gamakichi,Naruto,4
Gamakichi,Sakura,4
Sasame,in,4
Sarutobi,Sasuke,4
Saru,Sasuke,4
Chidori,Pervy,4
Itachi,a,4
Itachi,Pervy,4
Itachi,Raiga,4
Choji,Raijin,4
Chidori,the,4
Akamaru,the,4
Shikamaru,Tsuchi,4
Choji,Janin,4
Naruto,Natsuhiboshi,4
Choji,Kakashi,4
Genno,Neji,4
Shijimi,Tora,4
Bushy,Neji,4
Shikamaru,Tayuya,4
Naruto,Nine-Tailed,4
Giichi,Inari,4
Orochimaru,Ton,4
Orochimaru,Shadow,4
Jigumo,Kagero,4
Gosa,Naruto,4
Chunin,Kazekage,4
Chunin,Kiba,4
Jiraiya,That,4
Moegi,Udon,4
Nanafushi,Naruto,4
Daimyo,Tora,4
Cursed,the,4
Cricket,Guy,4
Chunin,Yakumo,4
McCoy,Toki,4
Menma,Sasuke,4
Lee,Raido,4
Lee,Raiga,4
Lee,Rokusuke,4
Karashi,The,4
Gaara,Tori,4
C’m,on,4
Lee,Todoroki,4
Kakashi,Lightning,4
Gantetsu,The,4
Kakashi,Tenten,4
B-Bushy,Sasuke,4
Ayame,Ichiraku,4
Kankuro,Uchiha,4
Gaara,Shino,4
Mangekyo,Sasuke,4
Manma,Menma,4
Chunin,Itachi,4
Mi,Ushi,4
Gensho,Yagura,4
Mangekyo,Naruto,4
Mai,Naruto,4
Itachi,Shisui,4
Jonin,Neji,4
Pervy,Toad,4
Burn,Kabuto,4
Kage,Naruto,4
Kabuto,Sound,4
Lee,Yakumo,4
Jirobo,fatso,4
Orochimaru,those,4
Brow,Sakura,4
Asuma,Shizune,4
Bushy,Chunin,4
Menma,Shikamaru,4
Sasame,The,4
Sasame,Tsunade,4
Sand,–,4
Jin,Uma,4
Sasuke,a,4
Arashi,Kamikiri,4
Jirobo,Orochimaru,4
Genin,Shikamaru,4
Jonin,Kiba,4
Genma,Lee,4
Jiraiya,Ninja,4
Gato,Zabuza,4
Kabuto,Sannin,4
Proctor,Sasuke,4
Hinata,Rasengan,4
Kidomaru,Sakon,4
Tora,Ushi,4
Hokage,Ninja,4
Konohamaru,Ninja,4
Komei,Those,4
Konohamaru,Sensei,4
Hotarubi,Natsuhi,4
Hinata,Pervy,4
Hinata,Sand,4
Hoshikage,Neji,4
Hoshikage,The,4
Hokuto,Naruto,4
Akahoshi,Shadow,4
Hoshikage,the,4
Akahoshi,Tsunade,4
in,the,4
Ne,saru,4
Naruto,jonin,4
Naruto,Yurinoshin,4
Tsunade,Yakumo,4
Tsunade,a,4
Uma,lnu,3
Tori,uma,3
Hinata,Yurinoshin,3
Hitsuji,Sarutobi,3
Hinatas,Naruto,3
Hitsuji,U,3
Hitsuji,lnu,3
lsaribi,the,3
Ne,lnu,3
Naruto,ldate,3
Chakra,Gaara,3
CHOJI,Naruto,3
Akahoshi,Tenten,3
Akahoshi,star,3
Byakugan,Owashi,3
Byakugan,The,3
Byakugan,Rasengan,3
Neji,Owashi,3
Ne,hitsuji,3
Hokuto,Hoshikage,3
Hayate,Kabuto,3
Akamaru,Ino-pig,3
Akamaru,Jirobo,3
Hoshikage,Mizura,3
Hinata,Kikusuke,3
Bikochu,Hokage,3
Big,Itachi,3
Sagi,That,3
Sakon,Ukon,3
Kurenai,Old,3
Farewell,Todoroki,3
Fang,Hinata,3
Enma,The,3
Sakur--,Sakura,3
Kisame,Ranmaru,3
Kisame,Kurenai,3
Kekkei,Sharingan,3
Kekkei,Uchiha,3
Sakur--,Sasuke,3
Bikochu,Sasuke,3
Bikochu,Hinata,3
Sumaru,star,3
Naruto,me,3
Cha,Sakura,3
Natsuhiboshi,Rasengan,3
Hyuga,Sasuke,3
Hinata,Hinatas,3
Hiashi,head,3
Hinata,Kakashi,3
Naruto,Saru,3
Naruto,Tsuzumi,3
Naruto,Tyson,3
Chief,the,3
Hyuga,Ninja,3
Chidori,Itachi,3
Chidori,Jutsu,3
Naruto,Tori,3
Arashi,Leaf,3
Jirobo,on,3
Genin,Guy,3
Genin,Hokage,3
Anbu,Orochimaru,3
Sasuke,Transform,3
Sasuke,Tsukuyomi,3
Sasuke,Tenten,3
Jirocho,Sasuke,3
Matsuri,Sakura,3
Bunzo,Tsunade,3
Brow,Ino,3
Owwee,Shikamaru,3
Kage,Omaru,3
Kagero,Kamikiri,3
Lion,Naruto,3
Asuma,Kisame,3
Sand,Sasuke,3
Cricket,Genno,3
Orochimaru,Rashomon,3
Burn,Rasengan,3
Mi,Saru,3
Crow,Gaara,3
Jonin,Kakashi,3
Gennai,Naruto,3
Genin,Temari,3
Sasuke,rabbit,3
Sasuke,Uzumaki,3
Sasuke,Yashamaru,3
Art,Neji,3
Menma,Shiin,3
Sarutobi,Uma,3
Lee,Nanafushi,3
McCoy,Tsunade,3
Mi,Tora,3
Jiraiya,that,3
NARUTO,Sasuke,3
Moso,in,3
Chunin,Humph,3
Chunin,Hyuga,3
Kankuro,Tsurugi,3
Gaara,Tatsu,3
Kakashi,Obito,3
Jutsu,the,3
Jutsu,Tori,3
Jutsu,Tsunade,3
Menma,Tsunade,3
Lee,Ranmaru,3
Chunin,Moegi,3
Mizuki,Shizune,3
Mizuki,Nara,3
Misogi,the,3
Mi,Sarutobi,3
Mi,Tatsu,3
Chunin,Rock,3
Kakashi,Tayuya,3
Sazanami,Tokichi,3
Jerk,Sasuke,3
Janin,Yurinojou,3
Jako,Rokkaku,3
Jako,Yagura,3
Gensho,Ryudouin,3
Chunin,Konohamaru,3
Chunin,Kurenai,3
Choji,Hyuga,3
Choji,Fifth,3
Chidori,Uchiha,3
Chidori,that,3
Chidori,Lightning,3
Choji,Ichiraku,3
Isaribi,that,3
Itachi,Zabuza,3
Genno,Sakura,3
Sensei,Zabuza,3
Sharingan,Tazuna,3
Amachi,Toad,3
Choji,Orochimaru,3
Choji,Kikusuke,3
Choji,Kurenai,3
Choji,Rock,3
Bushy,Orochimaru,3
Choji,Tunneling,3
Shikamaru,Tyson,3
Anbu,Sasuke,3
Sasuke,Shizune,3
Anko,Isaribi,3
Naruto,Ninjas,3
Chunin,Daimyo,3
Mondai,The,3
Moegi,Sasuke,3
Genno,The,3
Jiga,Renga,3
Gon,Naruto,3
Choji,Teuchi,3
Bushy,Karashi,3
Ninja,Tazuna,3
Bushy-Brow’s,Kakashi,3
Bushy-Brow’s,Sasuke,3
Jigumo,Orochimaru,3
Isaribi,Sasuke,3
Isaribi,Isarirbi,3
Grampa,Inari,3
Gosunkugi,Shinobi,3
Guy,Nanafushi,3
Kamikiri,Sasame,3
Kakashi,Toki,3
Kakashi,Uchiha,3
Kagetsu,Shino,3
Gaara,Uma,3
Gaara,Ushi,3
Gamabunta,Kazekage,3
Gaara,that,3
Aoi,Sakura,3
Aoi,Sasuke,3
Kagero,Sasuke,3
Gantetsu,Mother,3
Sarutobi,The,3
Sarutobi,Tori,3
Kakashi,–,3
Kamikiri,Orochimaru,3
Itachi,Sakura,3
Dojo,Might,3
Die,Orochimaru,3
Attaboy,Naruto,3
Saru,lnu,3
Saru,Sarutobi,3
Sand,Temari,3
Sand,Tenten,3
Saru,Tora,3
Saru,U,3
Kurosuki,Neji,3
Kurenai,head,3
Kurenai,Shizune,3
Shisou,Yotaka,3
Shisui,the,3
Inu,U,3
Rasengan,Sumaru,3
Rasengan,the,3
Pakkun,Sasuke,3
Demon,Naruto,3
Ranmaru,Sansho,3
Rasengan,Shikamaru,3
Raiga,Zabuza,3
Roger,Sumaru,3
Shino,Yamanaka,3
Shikamaru,fatso,3
Shinobi,worthy,3
Ebisu,Jonin,3
Sagi,Sasuke,3
Gaara,Hinata,3
Leaf,Lightning,3
Lee,Lotus,3
Guy,Orochimaru,3
Guy,Temari,3
Senta,Tsunade,3
Sensei,Yagura,3
Inu,Tora,3
Iruka,Ninja,3
Iruka,Leaf,3
Shinobi,Yakumo,3
Harem,Naruto,3
Harem,Sasuke,3
I,Yakumo,3
Haruna,Tsunade,3
Haruna,by,3
Haruna,Janin,3
Hanabi,Hyuga,3
Ino,Raijin,3
Ninja,Zabuza,3
Bushy-Brow,Lee,3
Guy,Sansho,3
Guy,Kiba,3
Guy,Hokage,3
Guy,Humph,3
Chakra,Sakura,3
Haruna,Ruiga,3
Inari,Mommy,3
Bushy,Tsunada,3
Omaru,Sumaru,3
Onbaa,The,3
Oli,Pervy,3
Naruto,Rokusuke,3
Choji,Fujin,3
Choji,Gaara,3
Inu,lnu,3
Inu,Sarutobi,3
Byakugan,Gosa,3
Intense,Naruto,3
Ino-Shika-Cho,Kiba,3
Inari,Tazuna,3
Idate,–,3
Haku,Inari,3
Akamaru,Uchiha,3
Akamaru,Shogi,3
Akamaru,Sis,3
Akamaru,Tayuya,3
I-Ibiki,Morino,3
Hayate,Sound,3
Hatake,Kakashi,3
Hayate,Humph,3
Kankuro,Sakura,3
Gaara,Sharingan,3
Ebisu,Harem,3
Dosu,Zaku,3
Kurama,Murakumo,3
Leaf,Sasame,3
Kujaku,Natsuhi,3
Akamaru,Sakon,3
Akatsuki,Itachi,3
Kayo,Milady,3
Karashi,Rock,3
Futa,Shino,3
Fukusuke,Jirocho,3
Fukusuke,Sasuke,3
Kazekage,Naruto,3
Kazekage,Sarutobi,3
Ino,Orochimaru,3
Harem,–,3
Hanzaki,The,3
Hanzaki,Tsunade,3
Haruna,Jutsu,3
Akamaru,Guy,3
Akamaru,Buddy,3
Akio,Farewell,3
Sakura,Yuhi,3
Kiba,the,3
Kiba,Transform,3
Kayo,Kiba,3
Nine,Orochimaru,3
Nine-Tailed,the,3
Idate,Ninja,3
Chishima,Kakashi,3
Rokkaku,Yagura,3
Ruiga,Yurinojou,3
Sagi,The,3
Sagi,Sand,3
Gaara,Hitsuji,3
Gaara,Inu,3
GAI,KAKASHI,3
Sakura,on,3
Komei,Ninja,3
Kikunojou,Ninja,3
Fujin,Ino,3
Fifth,Sakura,3
Kikunojou,Shizune,3
Kimimaro,Naruto,3
Kimimaro,Sakon,3
Sakura,a,3
Neji,Toki,3
Ne,U,3
Byakugan,Sazanami,3
Neji,Shadow,3
Byakugan,Ichiraku,3
Byakugan,Kayo,3
Neji,–,3
Enma,Sarutobi,3
Agari,Shinobi,3
Hokage,Jirocho,3
Hizashi,Ninja,3
Hitsuji,Tora,3
Tatsu,lnu,3
Hokage,Shino,3
Hokage,The,3
Hokage,Sannin,3
Tatsu,Tora,3
Tatsu,U,3
U,Ushi,3
Hokage,Lee,3
Hokage,Raido,3
Hokage,Neji,3
Abumi,Shino,3
Agira,Might,3
Tori,U,3
Uma,ushi,3
U,Uma,3
Ushi,lnu,3
Tori,lnu,3
A,Hayate,3
saru,uma,3
Akamaru,Kayo,3
Enma,Humph,3
Enma,Orochimaru,3
Nawaki,Orochimaru,3
Ne,Sarutobi,3
Tenten,Toki,3
Tenten,Yagura,3
Akahoshi,Lee,3
Teuchi,the,3
Jin,uma,3
Jiraiya,Jutsu,3
Jiraiya,Manda,3
Jiraiya,Sakura,3
Jiraiya,Nine-Tailed,3
Jiraiya,Shizune,3
Jutsu,Rasengan,3
Jutsu,Lee,3
Menma,Orochimaru,3
Matsuri,Naruto,3
Jutsu,Saru,3
Jutsu,Ne,3
Gekko,Hayate,3
Gekko,Orochimaru,3
Kabuto,Lee,3
KAKASHI,ZABUSA,3
Akahoshi,Natsuhiboshi,3
Toad,the,3
Agira,Ryudouin,3
Hinata,Renga,3
Hoki,the,3
Hokage,–,3
Yakumo,d,3
Aburame,Hinata,3
Hinata,Sazanami,3
Boulder,Sasuke,3
Boulder,Yurinojou,3
Konohamaru,Kurenai,3
Kikunojou,Yurinojou,3
A,Sasuke,3
head,the,3
hitsuji,uma,3
Abumi,Sasuke,2
inu,saru,2
-Lord,Sumaru,2
Yashamaru,the,2
Yoroi,the,2
Yurinojou,Yurinoshin,2
as,him,2
Akahoshi,The,2
Hinata,lno,2
Hokage,Ibiki,2
Hokage,Ino,2
Hokage,Jonin,2
Hitsuji,Naruto,2
Hinata,Tokichi,2
Hinata,Zigzag,2
Hinata,me,2
Hinata,on,2
Hitode,Naruto,2
Hitsuji,Jutsu,2
Uchiha,the,2
Uma,hitsuji,2
Agira,Yagura,2
Akagi,Naruto,2
The,Warrior,2
The,Yagura,2
Tsubaki,lruka,2
Tora,U,2
Tora,lnu,2
Tora,uma,2
Tracker,Zabuza,2
Tazuna,Uchiha,2
Akamaru,Hana,2
Akamaru,Kurenai,2
Tayuya,fatso,2
Akahoshi,Farewell,2
Temari,Uchiha,2
Akagi,Tsunade,2
Akahoshi,Beast,2
Shizune,The,2
Shukaku,Yashamaru,2
Hokage,Proctor,2
Hinata,That,2
Hinata,Mark,2
Hinata,Rock,2
Hinata,Sensei,2
Hinata,Shadow,2
Hokage,Kabuto,2
Hokage,Kage,2
lruka,the,2
Hizashi,the,2
Shuriken,Zabuza,2
Akamaru,Burn,2
Akamaru,Bushy,2
Akamaru,Pervy,2
Akamaru,Sand,2
Akamaru,Sazanami,2
Akamaru,Shinemon,2
Akamaru,Temari,2
Akamaru,Transform,2
Akamaru,Ukon,2
Akamaru,lno,2
Akatsuki,Tsunade,2
Akio,Bushy,2
Shikamaru,lno,2
Shikamaru,lt,2
Shikamaru,me,2
Shisui,Uchiha,2
Shino,Unkai,2
Shino,lno,2
Sharingan,Uma,2
Shikamar,Shikamaru,2
Anbu,Naruto,2
Hoki,Kakashi,2
Hoki,Komei,2
Hoki,Naruto,2
Hoki,Ninja,2
Hidden,Tsunade,2
Hidden,Yagura,2
Hokage,Mizuki,2
Hidden,Naruto,2
Hidden,Neji,2
Hidden,Ryudouin,2
Hidden,Sumaru,2
Hitsuji,Sakura,2
Hitsuji,Sasuke,2
Hokage,Kimimaro,2
Hokage,Leaf,2
Akatsuki,Sage,2
Shikamaru,Tenten,2
Shikamaru,The,2
Akatsuki,Chidori,2
Akatsuki,Pervy,2
Senta,Shugoro,2
Shadow,Shikamaru,2
Amaterasu,Tsukuyomi,2
Sasuke,Third,2
Sasuke,This,2
Anbu,Anko,2
Sasuke,Uma,2
Anko,–,2
Aoi,Burn,2
Aoi,Chunin,2
Hotarubi,Ninja,2
Hokuto,Neji,2
Hokuto,The,2
Hokage,lruka,2
Hokage,on,2
Hatake,Sagi,2
Hayate,Hokage,2
Hayate,Kakashi,2
Hayate,Obito,2
Hokage,Sumaru,2
Hokage,That,2
Sasuke,Tiger,2
Sasuke,Tsubaki,2
Sensei,Yuhi,2
Sasuke,Ushi,2
Sasuke,Vendetta,2
Sazanami,Shinobi,2
Senbons,Shikamaru,2
Sensei,The,2
Arashi,Gamakichi,2
Asia,Gosunkugi,2
Sarutobi,Second,2
Sarutobi,the,2
Sasu,Uchiha,2
Sasuke,Summo,2
Sasuke,Tatsu,2
Anko,Corpses,2
Anko,Hayate,2
Anko,Kabuto,2
Asuma,Tsunade,2
Asuma,Lee,2
Asuma,Shino,2
Asuma,Temari,2
Humph,Rasengan,2
Hiashi,Tyson,2
Humph,Jutsu,2
Humph,Shinobi,2
Humph,Konohamaru,2
Hokuto,Natsuhi,2
Humph,Sarutobi,2
Humph,Shikamaru,2
Hokuto,the,2
Hinata,Iruka,2
Hinata,Kamizuru,2
Sanchez,Shikamaru,2
Aoi,the,2
Arashi,Fuuma,2
Sannin,Shizune,2
Sannin,the,2
Sakura,Uma,2
Aoi,Jirocho,2
Sakura,lno,2
Sakura,lruka,2
Sakura,Transform,2
Sakura,Tsuzumi,2
Sakura,Unkai,2
Sakura,Ya,2
Sakura,Zaku,2
Asuma,Iruka,2
Asuma,Kiba,2
Asuma,Guy,2
Asuma,Hokage,2
Ayame,The,2
Sakura,Saru,2
Sakura,Shinobi,2
Hanzaki,Sakura,2
Humph,that,2
Hyuga,Mark,2
Hyuga,Sharingan,2
Hyuga,Shikamaru,2
Harem,the,2
Haruna,Jiga,2
Harutaro,Lee,2
Humph,Kisame,2
Hayate,Sakura,2
Hayate,Shinobi,2
Sakura,Tayuya,2
Sakura,Teuchi,2
Sakura,That,2
Sakura,Tori,2
Ayame,Choji,2
Ayame,Ninja,2
B-Bushy,Bushy,2
Baki,Gaara,2
Baki,Kazekage,2
Bikochu,Kamizuru,2
Sagi,Shuriken,2
Sagi,Those,2
Sagi,a,2
Billboard,Lee,2
Billboard,Sasuke,2
Beeswax,Naruto,2
Big,Sasuke,2
Big,the,2
Bikochu,Chunin,2
Bikochu,Grandfather,2
Bikochu,Tsunade,2
Black,Crow,2
Rock,Tenten,2
Rock,Yagura,2
I-Ibiki,Idate,2
Ibiki,Jiraiya,2
Ibiki,lbiki,2
Ichiraku,Ryonin,2
Ichiraku,Shinobi,2
Ichiraku,Teuchi,2
Ichiraku,Tsunade,2
Hyuga,Leaf,2
Hyuga,Lightning,2
Humph,The,2
Rokusuke,Sasuke,2
Roger,Tenten,2
Rogue,Zabuza,2
Rokkaku,Ryudouin,2
Raijin,Sannin,2
Boulder,–,2
Bounty,Gatsu,2
Bounty,Tokichi,2
Rasengen,Sakura,2
Bro,Moegi,2
Raiga,Sakura,2
Raiga,Sasuke,2
Rock,Shikamaru,2
Rock,Shino,2
Raijin,Ton,2
Rasengan,Sasame,2
Pervy,miso,2
Rock,Sansho,2
Pervy,Shikamaru,2
Pervy,Shinobi,2
Pervy,This,2
Inari,Zabuza,2
Guy,lt,2
Hakkaku,Teuchi,2
Haku,Kekkei,2
Haku,Tazuna,2
Haku,Uchiha,2
Haku,the,2
Hana,Naruto,2
I,d,2
Pervy,–,2
Poccha,The,2
Pop,Sakura,2
Proctor,Shino,2
Brother,Itachi,2
Boss,–,2
Buddha,Wagarashi,2
Bro,Naruto,2
Burn,Bushy,2
Buddha,Fukusuke,2
Buddy,Kiba,2
Bunzo,Jirocho,2
Bunzo,Shugoro,2
Orochimaru,That,2
Burn,Fukusuke,2
Burn,Gamatatsu,2
Burn,Guy,2
Burn,Idate,2
Burn,Iruka,2
Ino,Paradise,2
Ino,Pervy,2
Ino,Rock,2
Ino,Sensei,2
Ino,Temari,2
Ino,Tenten,2
Guy,Ryudouin,2
Guy,Sand,2
Guy,Uchiha,2
Guy,Yuhi,2
Guy,Zabuza,2
Idate,Jonin,2
Orochimaru,Tyson,2
Orochimaru,Uchiha,2
Orochimaru,inu,2
Orochimaru,saru,2
Owwee,Sakura,2
Oli,Orochimaru,2
Pa,Shikamaru,2
Pakkun,Sakura,2
Pakkun,Shikamaru,2
Orochi,Orochimaru,2
Orochimaru,Raido,2
Ole,Shikamaru,2
Burn,Sarutobi,2
Burn,The,2
Onbaa,the,2
Onbu,Tsunade,2
Burn,Kakashi,2
Burn,Omasa,2
Burn,Sakura,2
Burn,the,2
Bushy,Choji,2
Bushy,Gantetsu,2
Bushy,Might,2
Ninjas,Rock,2
Ninjas,Sasuke,2
Inu,Naruto,2
Ino-Shika-Cho,Naruto,2
Ino-Shika-Cho,Shikamaru,2
Intense,Yagura,2
Inu,Jutsu,2
Inu,Sakura,2
Ino,Sign,2
Hanabi,Kiba,2
Injure,Lee,2
Ino,Kurenai,2
Ino,Neji,2
Bushy,Konohamaru,2
Bushy,Matsuri,2
Old,Sannin,2
Bushy,Rock,2
Neji,that,2
Bushy,Uchiha,2
Bushy-Brow,Naruto,2
Bushy-Brow's,Kakashi,2
Neji,Tunneling,2
Neji,fatso,2
Neji,me,2
Ninja,Sagi,2
Nine-Tailed,Tsunade,2
Ninja,Ran,2
Ninja,Rogue,2
Ninja,Sarutobi,2
Ninja,Sasame,2
Ninja,Sensei,2
Ninja,Todoroki,2
Ninja,Udon,2
Bushy-Brow's,Sharingan,2
Neji,Pervy,2
Neji,Proctor,2
Iruka,Kurenai,2
Guy,Leaf,2
Iruka,Kiba,2
Iruka,Obito,2
Iruka,Raijin,2
Ino,a,2
Ino,inu,2
Ino,saru,2
Bushy-Brow’s,Kekkei,2
Neji,Sharingan,2
Bushy-Brow's,Kekkei,2
Bushy-Brows,Gaara,2
Bushy-Brows,Gantetsu,2
Bushy-Brows,Todoroki,2
Byakugan,Gosunkugi,2
Natsuboshi,Natsuhiboshi,2
Byakugan,Ninja,2
Byakugan,Pervy,2
Ne,uma,2
Byakugan,Kujaku,2
Naruto,lno,2
Naruto,ls,2
Byakugan,Shinobi,2
Byakugan,Tsunade,2
Byakugan,Zaku,2
Naruto,as,2
Naruto,by,2
Naruto,him,2
Grandfather,Nawaki,2
Grandma,Zabuza,2
Gosunkugi,Torpedo,2
Gosunkugi,the,2
Grampa,Mommy,2
Grandfather,Naruto,2
Grandma,Lee,2
Guy,Might,2
Inu,Sasuke,2
Guy,Ichiraku,2
Guy,Intense,2
CHOJI,~FATSO,2
Byakugan,Unkai,2
Chakra,Kankuro,2
CHOJI,FATSO~,2
CHOJI,JIROBO,2
Cha,Kakashi,2
Naruto,Zu,2
Naruto,Third,2
Naruto,Tobei,2
Naruto,Tokichi,2
Naruto,Tonton,2
Chief,Jiraiya,2
Naruto,Tunneling,2
Naruto,Yuhi,2
Naruto,Ryuko,2
Chidori,Sharingan,2
Chidori,The,2
Izumo,Uchiha,2
Janin,Kikunojou,2
Isaribi,Sea,2
JIROBO,~FATSO,2
Jako,Ryudouin,2
Gosunkugi,Shino,2
Gosunkugi,The,2
Iruka,Udon,2
Chikara,Naruto,2
Chishima,Gaara,2
Chakra,Orochimaru,2
Naruto,Sage,2
Naruto,Sanchez,2
Naruto,Sansho,2
Naruto,Rogue,2
Naruto,Ole,2
Naruto,Owashi,2
Naruto,Owwee,2
Naruto,Pakkun,2
Naruto,Pervert,2
Cho,Han,2
Choji,Cricket,2
Naruto,Raijin,2
Naruto,Ramen,2
Naruto,Rasengen,2
Chidori,Lee,2
Chishima,Ninja,2
Chishima,Sand,2
Chishima,Sharingan,2
Chishima,The,2
Choji,Guy,2
Murakumo,Naruto,2
Jibachi,Kurobachi,2
Jibachi,Naruto,2
Gosa,the,2
Gosa,–,2
Gonta,Hokage,2
Grandpa,That,2
Grandpa,Tsunade,2
Grandpa,–,2
Isarirbi,Orochimaru,2
Choji,Leaf,2
Naruto,Old,2
Choji,Ino-Shika-Cho,2
Choji,Jiga,2
Choji,Jirobo,2
Moegi,Ninja,2
Moegi,–,2
Choji,Ruiga,2
Chunin,Genno,2
Chunin,Hanabi,2
Mom,Sasuke,2
Mom,Shikamaru,2
Monju,Ninja,2
Monju,Todoroki,2
Moso,Tenten,2
Moso,That,2
Mizura,Tsunade,2
Mizuki,Rasengan,2
Mizuki,Shadow,2
Choji,Vendetta,2
Mizura,Ninja,2
Mizura,Tenten,2
Choji,Shadow,2
Choji,Shun,2
Choji,fatso,2
Choji,lno,2
Choji,me,2
Choji,the,2
Might,Yagura,2
Mi,U,2
Mi,lnu,2
Jin,Mi,2
Jin,Saru,2
Jin,Sasuke,2
Jira-chan,Pervy,2
Genin,Shino,2
Genjutsu,Naruto,2
Genjutsu,Sakura,2
Genjutsu,Shikamaru,2
Genno,Tenten,2
Janin,and,2
Mi,ushi,2
Might,Naruto,2
Might,Ryudouin,2
Might,Shikamaru,2
Mizukage,Sharingan,2
Misogi,Shino,2
Chunin,Iruka,2
Chunin,Kakashi,2
Chunin,worthy,2
Chunin,Ninjas,2
Cricket,Lee,2
McCoy,Sagi,2
Chunin,Third,2
Jiraiya,Tyson,2
Jiraiya,Katsuyu,2
Jiraiya,Oli,2
Jiraiya,Shinobi,2
Jiraiya,The,2
Jirobo,Kakashi,2
Jirobo,Kiba,2
Gosunkugi,Hidden,2
Jiga,Yurinojou,2
Jigumo,Kamikiri,2
Chunins,Shinobi,2
Claw,Fang,2
Crow,Kankuro,2
Crow,Naruto,2
Lee,Shizune,2
Mai,Tsukiko,2
Lee,me,2
Lee,tim,2
Lens,Naruto,2
Lightning,the,2
Lion,Sasuke,2
Ma,Naruto,2
Crow,the,2
Manda,Naruto,2
Manda,Shizune,2
Lee,Mondai,2
Lee,Poccha,2
C’m,Naruto,2
Daimyo,Kazekage,2
Daimyo,Sasuke,2
Daimyo,Shijimi,2
Kurosuki,Tsunade,2
Dan,Orochimaru,2
Darudo,Naruto,2
Dojo,Rock,2
Dojo,Sensei,2
Genin,Kiba,2
Jirocho,ldate,2
Genin,Hanabi,2
Genin,Ninja,2
Genin,Sakura,2
Genin,Humph,2
Genin,Jonin,2
Genno,Ichiraku,2
Genin,Kurenai,2
Genin,Kurosuki,2
Genin,Leaf,2
Genma,Raido,2
Genma,Sasuke,2
Genma,Uchiha,2
Leaf,Shiin,2
Leaf,Shikamaru,2
L,Lee,2
L,Sansho,2
Leaf,Lee,2
Lee,Mizura,2
Leaf,Pervy,2
Leaf,Sakura,2
Kurenai,–,2
Leaf,Yakumo,2
Leaf,head,2
Leaves,Third,2
Kurenai,by,2
Kurenai,ls,2
Jonin,Shino,2
Jonin,the,2
Jirocho,Tsunade,2
Jutsu,Tatsu,2
Genin,Hiashi,2
Jirocho,Ninja,2
Jirocho,Senta,2
Jirocho,Shizune,2
Demon,Iruka,2
Dojo,Guy,2
Dojo,Intense,2
Die,Tsunade,2
Ebisu,Sasuke,2
Kuni,Ninja,2
Dodge,Hinata,2
Dodge,Zigzag,2
Ebisu,Hokage,2
Ebisu,Sakura,2
Kunoichi,Tsunade,2
Kunihisa,Ninja,2
Kurenai,Shikamaru,2
Kunoichi,Orochimaru,2
Kunoichi,Sasuke,2
Kunoichi,Sumaru,2
Kurenai,Raijin,2
Kunai,Sumaru,2
Kuni,Kunijiro,2
Dosu,Kin,2
Doubtless,Kabuto,2
Komei,Shuriken,2
Fang,Naruto,2
Fang,Shikamaru,2
Farewell,Gantetsu,2
Farewell,Naruto,2
Gatsu,Gosunkugi,2
Gatsu,Naruto,2
K-Kakashi,Kakashi,2
K-Kakashi,Sasuke,2
Gatô,Naruto,2
Gato,Sasuke,2
Gato,The,2
Gato,the,2
Jonin,Sensei,2
Gatsu,Sazanami,2
Jonin,Narutos,2
Jonin,Ninja,2
Fatty,Naruto,2
Kujaku,Shikamaru,2
Komei,That,2
Komei,The,2
Komei,Warrior,2
Komei,–,2
Kimimaro,Tayuya,2
Konohamaru,The,2
Konohamaru,Transform,2
Fuki,Menma,2
Enma,Hokage,2
Enma,Konohamaru,2
Kin,Zaku,2
FATSO~,~FATSO,2
Kisame,Pervy,2
Kisame,Sasuke,2
Kisame,Uchiha,2
Kisame,a,2
Ebisu,the,2
Enma,Transform,2
FATSO~,JIROBO,2
Fifth,Naruto,2
Kikunojou,Yurinoshin,2
K-Kurenai,Yakumo,2
KAKASHI,–,2
Kabuto,Kazekage,2
Kagero,a,2
Kabuto,Sarutobi,2
Kabuto,Shikamaru,2
Kagari,Naruto,2
Kagero,Leaf,2
Gato,Sakura,2
Jutsu,Uma,2
Jutsu,Ushi,2
Jutsu,by,2
Killer,a,2
Fatty,Shikamaru,2
Fifth,Guy,2
Fifth,Hokage,2
Fujin,Ton,2
Fifth,Sasuke,2
Fifth,Tsunade,2
First,Orochimaru,2
Flames,Todoroki,2
Fujin,Kurenai,2
Fujin,Sannin,2
Kiba,Tunneling,2
Kiba,Ninja,2
Kiba,lno,2
Kiba,Rock,2
Kiba,Sakon,2
Kiba,Shinemon,2
Kiba,That,2
Kidomaru,Tayuya,2
Kiba,on,2
Fuki,Ninja,2
Kazekage,Shukaku,2
Kazekage,the,2
Gantetsu,the,2
Kakashi,Konohamaru,2
Gamatatsu,Orochimaru,2
Gantesu,Ninja,2
K-Karashi,Sansho,2
K-Kurenai,Unkai,2
Gantetsu,Gon,2
Kabuto,Mark,2
Gekko,Sakura,2
Ki,Naruto,2
G,Gaara,2
Fuki,Ran,2
Futa,Tobei,2
Fuuma,Kagero,2
Gaara,Guy,2
Kankuro,Yoroi,2
Kanpachi,Rokusuke,2
Katsuyu,Naruto,2
G-Guy?,Lee,2
Gaara,Hatake,2
Gaara,Hoko,2
Gaara,Hyuga,2
Gaara,Ino,2
Gaara,Iron,2
Kakashi,Tsurugi,2
Kakashi,Yashamaru,2
Gaara,Jonin,2
Kankuro,Proctor,2
Kakashi,Tora,2
Kakashi,Sakon,2
Kakashi,Sannin,2
Gamakichi,Jiraiya,2
Gaara,Tora,2
Gaara,Tsunade,2
Gaara,U,2
Gaara,lnu,2
Gamabunta,the,2
Kages,Orochimaru,2
Gaara,Pervy,2
Kankuro,Naruto,2
Kankuro,Neji,2
Gaara,Lightning,2
Gaara,Lotus,2
Gaara,Mi,2
Kakashi,Owashi,2
Gaara,Shizune,2
Gaara,Suiko,2
Kakashi,Leaf,2
Kakashi,Nine-Tailed,2
Agari,Ichiraku,2
Tsunade,this,2
Agari,Akamaru,2
Abate,Sensei,2
A,Naruto,2
A,Sakura,2
Wagarashi,Wasabi,2
U,lnu,2
Uchiha,on,2
Uchiha,that,2
-Gaara,Gaara,2
A,Gekko,2
Uma,saru,2
Uma,uma,2
-Lord,Natsuhiboshi,2
-Lord,Neji,2
Warrior,the,2
Yagura,this,2
that,the,2
Agira,Sakura,2
-Lord,Akahoshi,2
Tsunade,inu,1
Tsuzumi,the,1
A,Sound,1
-Gaara,Akamaru,1
-Lord,Hokuto,1
-Lord,Naruto,1
-Lord,Natsuhi,1
Yagura,tim,1
Yagura,–,1
star,the,1
Uma,the,1
Unkai,Yuhi,1
Ushi,hitsuji,1
Ushi,uma,1
Ushi,ushi,1
Tyson,head,1
Tyson,the,1
Uchiha,a,1
Ablaze,Boulder,1
A,Iruka,1
A,Kabuto,1
A,Kinuta,1
A,Konohamaru,1
A,Sensei,1
A,Gamatatsu,1
Agari,Kiba,1
Hinata,branch,1
Hinata,by,1
Hokage,Itachi,1
Hokage,Izumo,1
Hokage,K-Kakashi,1
The,my,1
The,star,1
Akahoshi,Hokage,1
Tsurugi,Yoroi,1
A,Anko,1
Hinatas,Kiba,1
Hitode,Itachi,1
Hitsuji,Leaf,1
Hokage,Kages,1
Hokage,Kamizuru,1
Hinata,Unkai,1
The,Tsuzumi,1
The,Uchiha,1
The,Yurinojou,1
The,Yurinoshin,1
Akagi,Bunzo,1
Akagi,Hokage,1
Akagi,Kakashi,1
Tsurucho,the,1
Those,Toki,1
Those,the,1
Toad,lsaribi,1
Toad,that,1
Todoroki,Tsuzumi,1
Todoroki,the,1
Toki,in,1
Tonton,the,1
Gaara's,Lee,1
Kakashi,Rasengan,1
Kakashi,Roger,1
Kakashi,Saru,1
Kakashi,Sarutobi,1
Kankuro,Orochimaru,1
Gamakichi,Kabuto,1
Gamakichi,Moso,1
Gama,Toad,1
Gamabunta,Temari,1
Gamabunta,Toad,1
Gamabunta,Tyson,1
Gamakichi,Gamatatsu,1
Kakashi,Shikaku,1
Gaara,Vendetta,1
Gaara,on,1
Kagero,the,1
Kages,Kakashi,1
Kages,Kazekage,1
Kages,Sarutobi,1
Kages,Sasuke,1
Kagetsu,Tobei,1
Kakashi,Kazekage,1
Gama,Gamabunta,1
Gaara,Moso,1
Gaara,Ninja,1
Kakashi,Yoroi,1
Kakashi,Zaku,1
Kamikiri,Leaf,1
Kankuro,Kunoichi,1
Gamatatsu,Katsuyu,1
Gamatatsu,Manda,1
Fukusuke,Oli,1
Fukusuke,ldate,1
Fuuma,Sasuke,1
Fuuma,a,1
G,Orochimaru,1
Fuki,Rogue,1
Fuku,Naruto,1
Fuku,Pervy,1
GAI,ZABUSA,1
GAI,–,1
Kankuro,the,1
Kanpachi,Karashi,1
Kanpachi,The,1
Karashi,L,1
Karashi,Lightning,1
Katsu,Shikamaru,1
Kazekage,Raido,1
Kazekage,Shikamaru,1
Gaara,Ibiki,1
Gaara,Iruka,1
Gaara,Jin,1
Katsuyu,Sannin,1
Katsuyu,Shizune,1
Katsuyu,Tamaya,1
Gamakichi,Sagi,1
Kakashi,Shirker,1
Kakashi,Tori,1
Gaara,Kabuki,1
Gaara,Kabuto,1
Gaara,Komei,1
Gaara,Konohamaru,1
Kayo,Tsunade,1
Gantesu,Rock,1
Gantesu,Sakura,1
Kakashi,Kidomaru,1
Kakashi,Kin,1
Kakashi,Komei,1
Gamakichi,The,1
Gamakichi,the,1
Gamatatsu,Jiraiya,1
Gantetsu,Rock,1
Gantetsu,Roger,1
Gantetsu,Shinobi,1
Gantetsu,Tsuzumi,1
Gamatatsu,The,1
Gamatatsu,Tsunade,1
Gantesu,Gantetsu,1
Gantesu,Naruto,1
Kiba,Lion,1
Kabuto,Nawaki,1
Gatô,Tazuna,1
Gatô,The,1
Gatô,Zabuza,1
Gekko,Kabuto,1
K-Karashi,Lee,1
Gantesu,Shinobi,1
Fukusuke,Humph,1
Fukusuke,Morino,1
Fukusuke,Naruto,1
Fukusuke,Ninja,1
Ki,Sagi,1
Ki,Zu,1
Kiba,Kimimaro,1
Kiba,Leaf,1
G-Guy,Naruto,1
G-Guy,Tsunade,1
G-Guy?,Guy,1
Kiba,Orochimaru,1
Kiba,Proctor,1
Kiba,Rasengan,1
Fujin,Hokage,1
Fujin,Iruka,1
Kiba,a,1
Kiba,as,1
Kiba,head,1
Kiba,him,1
Kiba,Satomi,1
Kiba,Sensei,1
Kiba,The,1
G-Guy,Lee,1
Kiba,tim,1
Kidomaru,Kimimaro,1
Kidomaru,Rasengan,1
Kidomaru,Sakura,1
Kikunojou,Shadow,1
Kiba,Unkai,1
Kiba,Yagura,1
Kiba,Yuhi,1
Fuki,Neji,1
Kazekage,on,1
Kekkei,Naruto,1
Kekkei,Sakon,1
Kekkei,Sakura,1
Kekkei,The,1
Ki,Ma,1
Kiba,me,1
Kabuto,Temari,1
Kabuto,This,1
Kabuki,Suiko,1
Kabuto,Kages,1
Kabuto,Kankuro,1
Fifth,Ninja,1
Kikusuke,Momiji,1
Kikusuke,Ninja,1
Kage,Kakashi,1
Kage,Sumaru,1
Kagero,Pervy,1
Kagero,Rasengan,1
Kabuto,Nine-Tailed,1
Kabuto,Oli,1
Kabuto,Sharingan,1
Kabuto,Shino,1
Fifth,Jutsu,1
Gato,Mizukage,1
Jutsu,Tora,1
Jutsu,U,1
Jutsu,Zabuza,1
Jutsu,lnu,1
Jutsus,Kakashi,1
Kagari,Sasuke,1
Fujin,Naruto,1
Fujin,The,1
Fifth,Raido,1
Fifth,Rock,1
Fifth,the,1
First,Sarutobi,1
First,Shinobi,1
Fifth,Genma,1
Konohamaru,Tonton,1
Konohamaru,Zabuza,1
Kujaku,Lee,1
Kujaku,Ninja,1
Kujaku,Shino,1
Konohamaru,Orochimaru,1
Konohamaru,Saru,1
Konohamaru,Temari,1
Kisame,Kurosuki,1
Kisame,Lee,1
Killer,–,1
Kimimaro,Neji,1
Kimimaro,Ninja,1
Kimimaro,Pervy,1
Kimimaro,Shikamaru,1
Kimimaro,Zabuza,1
FATSO~,Sakura,1
Fang,Gosa,1
Ebisu,Transform,1
Kin,Lee,1
Kin,–,1
Kinuta,Naruto,1
Kinuta,Orochimaru,1
Kinuta,Sasuke,1
Kikusuke,Ruiga,1
Kikusuke,The,1
Kikusuke,Tsunade,1
Killer,Lee,1
Killer,Temari,1
Enma,Saru,1
Enma,Shadow,1
FATSO~,Naruto,1
K-Karashi,L,1
Gato,Hokage,1
Komei,Tenten,1
Fang,Kiba,1
Fang,Shinemon,1
Farewell,Rasengan,1
Farewell,Shura,1
Dosu,Shikamaru,1
Gatô,Mizukage,1
Gatô,Mommy,1
Gatô,Sharingan,1
Gato,Sharingan,1
Gato,Uchiha,1
Gato,lnari,1
K-Kakashi,Kekkei,1
K-Karashi,Karashi,1
Genin,Sharingan,1
Jonin,Konohamaru,1
Jonin,Murakumo,1
Jonin,Sakura,1
Jonin,Sarutobi,1
Gatô,Giichi,1
Gatô,Grampa,1
Gatô,Inari,1
Konohamaru,That,1
Fatso,Ninja,1
Fatty,Ino,1
Fatty,Iruka,1
Fatty,Sasuke,1
Koharu,Orochimaru,1
Jonin,jonin,1
Jonin,lsaribi,1
Kujaku,–,1
Kunai,Proctor,1
Kunai,Sasuke,1
Kurama,Kurenai,1
Kurama,Shinobi,1
Kurenai,Leaf,1
Kurenai,Neji,1
Kurenai,Rock,1
Kung,Ryudoin,1
Dojo,Shikamaru,1
"Dong
",Mai,1
Kujaku,Shisou,1
Kujaku,Tenten,1
Kujaku,The,1
Kujaku,Yotaka,1
Kujaku,the,1
Dosu,Kazekage,1
Dosu,Naruto,1
Dosu,Ole,1
Dosu,Orochimaru,1
Dosu,Sanchez,1
Kunai,Zaku,1
Kung,Lee,1
Kung,Naruto,1
Dosu,Tyson,1
Doubtless,Ibiki,1
Doubtless,Lee,1
Dozaemon,Naruto,1
Duck,Tsunade,1
Duck,the,1
"Dong
",Shino,1
Dosu,Kakashi,1
Ding,Ding-dong,1
Ding,Ding-dong-ding,1
Ding,"Dong
",1
Kurobachi,Shino,1
Kuromaru,Shino,1
Dawn,Sakura,1
Dawn,Sasuke,1
Demon,Kakashi,1
Ding,Shino,1
Ding-dong,Ding-dong-ding,1
Ding-dong,"Dong
",1
Ding-dong-ding,"Dong
",1
Die,Gaara,1
Die,Kakashi,1
Die,Naruto,1
Die,Pervy,1
Kunihisa,Shizune,1
Kunihisa,–,1
Kunijiro,Shizune,1
Kunijiro,Tsunade,1
Ebisu,Kakashi,1
Ebisu,Mizuki,1
Ebisu,Orochimaru,1
Ebisu,Pervy,1
Kurenai,Shinobi,1
Kunoichi,Natsuhi,1
Kunoichi,Neji,1
Kunoichi,Sannin,1
Kunoichi,Transform,1
Kuni,–,1
Kunihisa,Kunijiro,1
Kunihisa,Papa,1
Demon,Sasuke,1
Demon,Zabuza,1
Kurenai,Uchiha,1
Kurenai,Uroko,1
Kurenai,a,1
Kurenai,d,1
Kurenai,that,1
Leaf,Shinobi,1
Jutsu,Mi,1
Jutsu,Mizuki,1
Jutsu,Neji,1
Jonin,Shinobi,1
Jonin,The,1
Jonin,Uchiha,1
Jonin,Zabuza,1
Jonin,head,1
Jutsu,Sensei,1
Jutsu,Shinobi,1
Jutsu,Tazuna,1
Jutsu,Tenten,1
Junko,Kakashi,1
Junko,Naruto,1
Junko,Sakura,1
Junko,Sasuke,1
Genin,Hizashi,1
Jirocho,Ryuko,1
Jirocho,Sakura,1
Jirocho,Shinobi,1
Jirocho,Uzumaki,1
Jutsu,Nine-Tailed,1
Jutsu,Raido,1
Jutsu,Rock,1
Jirocho,the,1
Jirocho,–,1
Gekko,Sasuke,1
Gekko,Sound,1
Leaf,Menma,1
Leaf,Mi,1
Dojo,Nanafushi,1
Dojo,Sakura,1
Genin,Kunihisa,1
Genin,Kunoichi,1
Genin,Mark,1
Genin,Iruka,1
Genin,Jiraiya,1
Genin,Katsuyu,1
Genin,Kekkei,1
Genin,Konohamaru,1
Leader,Naruto,1
Leaf,Mark,1
Jiraiya,Lee,1
Jiraiya,Ole,1
Genma,Kazekage,1
Genma,Rock,1
Gennin,Genno,1
Gennin,Tsunade,1
Leaf,Tori,1
Leaf,Uma,1
Lee,Lightning,1
Leaf,Mizuki,1
Leaf,Ne,1
Leaf,Neji,1
Leaf,Sarutobi,1
Kyuroku,Naruto,1
Lee,Sarutobi,1
Lee,Sasu,1
Mark,Ninja,1
Mark,Sound,1
Matsuri,Seimei,1
Matsuri,Shikamaru,1
Matsuri,the,1
McCoy,Neji,1
Crystal,Sasuke,1
Cursed,Shuriken,1
Cursed,That,1
C’m,Orochimaru,1
C’m,Pervy,1
Lee,Roger,1
Lee,Rokkaku,1
Lee,Ryudoin,1
Lee,Shino,1
C’m,Shino,1
Daimyo,Hyuga,1
Daimyo,Kakashi,1
Daimyo,Shikamaru,1
Dan,Kabuto,1
Crystal,Kakashi,1
Crystal,Sakura,1
Kurosuki,Sakura,1
Kurosuki,Tenten,1
Kurosuki,Zabuza,1
Dan,Naruto,1
Dan,Pervy,1
Darudo,Kunihisa,1
Daruto,Kunihisa,1
Dawn,Mubi,1
Cricket,Shino,1
Cricket,Yagura,1
Cricket,tim,1
Crow,Iron,1
Crow,Jonin,1
Crow,Kakashi,1
Chunins,worthy,1
Corpses,Ninjas,1
Crow,Konohamaru,1
Crow,Lee,1
Crow,Sasuke,1
Crow,that,1
Menma,Shizune,1
Mi,Sakura,1
Cricket,Orochimaru,1
Cricket,Shikamaru,1
Lightning,Ninja,1
Lee,Shura,1
Lee,Tamaya,1
Lee,Tazuna,1
Lee,That,1
Lee,Tsunada,1
Lee,a,1
Lee,lt,1
Lightning,Sansho,1
Lightning,head,1
Ma,Sagi,1
Ma,Zu,1
Lee,that,1
Lee,the,1
Lightning,Naruto,1
Lightning,Neji,1
Cricket,Neji,1
Menma,Rasengan,1
Menma,Sakura,1
Chunin,Uchiha,1
Chunin,head,1
Chunin,the,1
Chunin,Sarutobi,1
Chunin,Sensei,1
Jiraiya,Sanchez,1
Jiraiya,Shameless,1
Jiraiya,–,1
Genno,Ino,1
Genno,Kakashi,1
Genno,Kiba,1
Jira-chan,a,1
Jiraiya,Kakashi,1
Jin,Kakashi,1
Jirobo,Kimimaro,1
Jirobo,Naruto,1
Jirobo,Ninja,1
Jirobo,Rasengan,1
Jirobo,Sakura,1
Jirochi,Naruto,1
Jiraiya,Rogue,1
Cricket,Hinata,1
Cricket,Kiba,1
Jin,Ushi,1
Jira-chan,Naruto,1
Jibachi,Shino,1
Jibachi,Suzumebachi,1
Jigumo,Leaf,1
Jin,Jutsu,1
Genin,Tamaya,1
Genin,Uchiha,1
Genins,Hokage,1
Genins,Kakashi,1
Genjutsu,Humph,1
Genjutsu,Iron,1
Jin,Naruto,1
Jin,Sensei,1
Jelly,Jirocho,1
Jelly,Naruto,1
Jelly,Ninja,1
Genjutsu,Owwee,1
Genjutsu,Sasuke,1
Genma,Guy,1
Genma,Hokage,1
Genma,Jutsu,1
Chunin,Murakumo,1
Might,Rokkaku,1
Might,Tsunade,1
Gensho,Guy,1
Janin,Ruiga,1
Janin,The,1
Jeez,Naruto,1
Jeez,Sagi,1
Chunin,Tazuna,1
Chunin,Temari,1
Missus,Naruto,1
Mizukage,Zabuza,1
Chunin,Ibiki,1
Chunin,Kabuto,1
Chunin,Kamizuru,1
Chunin,Lee,1
Mizuki,Transform,1
Mizuki,a,1
Mizuki,lt,1
Mizura,Natsuhi,1
Moso,Sand,1
Moso,Sharingan,1
Moso,Shuriken,1
Moso,Those,1
Choji,Tenten,1
Mizura,Neji,1
Mizura,Roger,1
Mizura,Shadow,1
Mizura,The,1
Mm,Neji,1
Mizuki,Sannin,1
Mizuki,The,1
Choji,and,1
Choji,~FATSO,1
Choji,–,1
Chunin,Chunins,1
Mm,Raiga,1
Choji,Sannin,1
Choji,Sensei,1
Choji,Shizune,1
Jin,Sharingan,1
Milady,The,1
Mi,Sasuke,1
Mi,Sharingan,1
Mi,hitsuji,1
Mi,saru,1
Mi,the,1
Mi,uma,1
Naruto,Ne,1
Choji,Intense,1
Choji,JIROBO,1
Choji,Kinuta,1
Murakumo,head,1
Murakumo,the,1
My,Neji,1
NARUTO,Sakura,1
Chunin,Guy,1
Mm,Ranmaru,1
Choji,Might,1
Choji,Pakkun,1
Choji,Pervy,1
Choji,Rasengen,1
Naruto,North,1
Naruto,Ocarina,1
Mom,Orochimaru,1
Mom,Uchiha,1
Momiji,Shun,1
Momiji,The,1
Momiji,Tsunade,1
Momiji,Yurinoshin,1
Chunin,Crow,1
Chunin,Grandfather,1
Moso,Tsurucho,1
Moso,a,1
Monju,Shura,1
Monju,–Gantetsu.,1
Morino,Omasa,1
Morino,Shinobi,1
Morino,ldate,1
Moso,Ninja,1
Genno,Shino,1
Nara,Tsubaki,1
Naruto,Nawaki,1
Mubi,Sakura,1
Mubi,Sasuke,1
Murakumo,Sensei,1
Murakumo,Shino,1
Murakumo,Shinobi,1
Gensho,Rokkaku,1
Gensho,this,1
Gentle,Hyuga,1
Giichi,Grampa,1
Giichi,Mommy,1
Jelly,Sasuke,1
Jelly,Shinobi,1
Jerk,Sakura,1
Giichi,Naruto,1
Giichi,The,1
Gon,Todoroki,1
Gonta,Konohamaru,1
Gosa,Kiba,1
Gensho,Hidden,1
Gensho,Jako,1
Gensho,Might,1
Nanafushi,roger,1
Nara,Naruto,1
Itachi,Rokusuke,1
Itachi,Scaredy-Cat,1
Grandpa,Sasuke,1
Grandson,Naruto,1
Isarirbi,Sasuke,1
Isarirbi,the,1
Naruto,Sakur--,1
Naruto,Sea,1
Naruto,Seimei,1
Naruto,Senta,1
Naruto,Shikaku,1
Chief,Shino,1
Chief,Tsunade,1
Chief,that,1
Naruto,Pop,1
Naruto,Shisui,1
Naruto,Shugoro,1
Naruto,Shukaku,1
Naruto,Shun,1
Chakra,Lee,1
Chakra,Natsuhi,1
Chakra,Ninja,1
Chishima,Tenten,1
Chishima,Yakitori,1
Naruto,Pops,1
Naruto,Postman,1
Naruto,Renga,1
Chishima,Neji,1
Naruto,Oli,1
Naruto,Pocha,1
Murakumo,Tsunade,1
Murakumo,Unkai,1
Choji,Crow,1
Choji,FATSO~,1
Choji,Fatty,1
Choji,Hayate,1
Choji,Ibiki,1
Chidori,Neji,1
Itachi,Roger,1
Naruto,Ru,1
Chidori,Orochimaru,1
Chidori,Sannin,1
Chidori,~FATSO,1
Chief,Humph,1
Chief,Shadow,1
Naruto,Unkai,1
Izumo,Sakura,1
Izumo,Shikamaru,1
JIROBO,Naruto,1
Itachi,Jutsu,1
Itachi,Kabuto,1
Itachi,Kurosuki,1
Itachi,Nine,1
Itachi,Nine-Tailed,1
Jako,Lee,1
Jako,Might,1
Jako,this,1
Janin,Jiga,1
Itachi,Shinobi,1
Itachi,Yashamaru,1
Itachi,–,1
Izumo,Mom,1
Chikara,Fuku,1
Iruka,The,1
Iruka,Third,1
Iruka,Uchiha,1
Iruka,Zabuza,1
Iruka,a,1
Iruka,the,1
JIROBO,Sakura,1
Cha,Haku,1
Cha,–,1
Chakra,Hokage,1
Chakra,Hoshikage,1
Chakra,Itachi,1
Chakra,Kujaku,1
Byakugan,my,1
Byakugan,–,1
Chakra,Seimei,1
Chakra,Tenten,1
Chakra,The,1
Chakra,the,1
Chakra,–,1
Chakras,Hinata,1
Chakras,Lee,1
Chakras,Sensei,1
Charka,Gamabunta,1
Charka,the,1
Chichiyasu,Naruto,1
Chichiyasu,Tsunade,1
Chidori,FATSO~,1
Chidori,Ino,1
Chidori,JIROBO,1
Chidori,Kankuro,1
Naruto,Wagarashi,1
Naruto,Yakitori,1
Naruto,Yashamaru,1
Naruto,Zigzag,1
Naruto,Sitting,1
Naruto,Tamaya,1
Naruto,Tracker,1
Naruto,Tsukuyomi,1
Isaribi,Shino,1
Isaribi,Toad,1
Isaribi,Tsunade,1
Isaribi,Yoroi,1
Gosunkugi,Misogi,1
Byakugan,head,1
Naruto,and,1
Naruto,bro,1
Grandma,Naruto,1
Grandma,Raiga,1
Grandma,Tsunade,1
Grandpa,Kakashi,1
Grandfather,Hinata,1
Grandfather,Hokage,1
Grandfather,Tsunade,1
Isaribi,Sensei,1
Guy,Hidden,1
Guy,Hinata,1
Guy,Iruka,1
Guy,Jako,1
Guy,Jiraiya,1
Guy,Jonin,1
Grandma,Hinata,1
Grandma,Kisame,1
CHOJI,Chidori,1
CHOJI,Choji,1
CHOJI,Sakura,1
Naruto,lsaribi,1
Naruto,this,1
Byakugan,Tunneling,1
Byakugan,Tyson,1
Byakugan,Yagura,1
Natsuhi,Shisou,1
Natsuhi,Tsunade,1
Bushy-Brow’s,Sharingan,1
Byakugan,Fang,1
Byakugan,Hanabi,1
Byakugan,Ino,1
Byakugan,Ino-Shika-Cho,1
Byakugan,K-Kurenai,1
Ne,Sakura,1
Ne,Sensei,1
Ne,Sharingan,1
Chakra,Kunoichi,1
Naruto,tim,1
Naruto,~FATSO,1
Narutos,jonin,1
Natsuhi,Rasengan,1
Byakugan,Matsuri,1
Byakugan,Menma,1
Byakugan,Moso,1
Natsuhi,Yotaka,1
Natsuhi,star,1
Natsuhi,the,1
Natsuhiboshi,Neji,1
Nawaki,Pervy,1
Naruto,d,1
Byakugan,Raiga,1
Byakugan,Shadow,1
Byakugan,Suzumebachi,1
Byakugan,Tenten,1
Ne,the,1
Byakugan,Komei,1
Byakugan,Lightning,1
Iron,Matsuri,1
Iron,the,1
Iruka,Kabuto,1
Iruka,Leaves,1
Guy,Jutsu,1
Guy,Kabuto,1
Guy,Kanpachi,1
Guy,Kung,1
Iruka,Moegi,1
Iruka,Nara,1
Iruka,Oli,1
Iruka,Sarutobi,1
Iruka,Shino,1
Iruka,Shizune,1
Inu,The,1
Inu,the,1
Bushy-Brow's,Lee,1
Inopig,Sasuke,1
Intense,Lee,1
Ino,Tyson,1
Ino,Uchiha,1
Ino,Yamanaka,1
Ino,–,1
Ino-Shika-Cho,Iruka,1
Byakugan,Karashi,1
Bushy-Brow's,Uchiha,1
Bushy-Brows,Bushy-Brows’,1
Bushy-Brows,the,1
Bushy-Brow’s,Genin,1
Neji,Shikaku,1
Neji,Shinobi,1
Neji,Shizune,1
Neji,Zaku,1
Neji,branch,1
Neji,on,1
Bushy,the,1
Bushy,tim,1
Bushy-Brow,Sasuke,1
Old,Pervy,1
Bushy,Rokkaku,1
Neji,tim,1
Nine,Sakura,1
Nine,Sasuke,1
Nine-Tailed,Shizune,1
Ninja,Owashi,1
Ninja,Palm,1
Ninja,Pervy,1
Neji,Tyson,1
Ninja,Tenten,1
Ninja,head,1
Ninja,in,1
Ninja,Proctor,1
Ninja,Rasengan,1
Ninja,Rasengen,1
Ninja,Rock,1
Ninja,Sannin,1
Guy,Lotus,1
Bushy-Brow's,The,1
Neji,Ran,1
Neji,Rasengan,1
Neji,Rock,1
Neji,Roger,1
Neji,Seimei,1
Neji,Sensei,1
Intense,Sakura,1
Intense,Tenten,1
Inu,Leaf,1
Ino-Shika-Cho,Neji,1
Ino-pig,Sakura,1
Ino-pig,Sasuke,1
Ino-pig,Uchiha,1
Bushy,Ranmaru,1
Granny,Neji,1
Granny,Shadow,1
Granny,Sumaru,1
Gu,Sakura,1
Gu,Sasuke,1
Gu,Zaku,1
Intense,Nanafushi,1
Intense,Neji,1
Bushy,Kiba,1
Bushy,Leaf,1
Ino,Shinobi,1
Ino,Ino-Shika-Cho,1
Ino,Kin,1
Ino,Ninja,1
Ino,Pakkun,1
Grandson,Transform,1
Bushy,Rokusuke,1
Bushy,Sand,1
Bushy,Sansho,1
Bushy,The,1
Bushy,Todoroki,1
Bushy,Tsuzumi,1
Obito,Shinobi,1
Old,Orochimaru,1
Palm,Shikamaru,1
Paradise,a,1
Pervert,Pervy,1
Pervy,Raiga,1
Pervy,Rasengan,1
Owashi,Sasuke,1
Owashi,Tenten,1
Owashi,Those,1
Onbaa,Onbu,1
Onbu,Shadow,1
Old,Tsunade,1
Old,by,1
Ole,Orochimaru,1
Ole,Temari,1
Ole,head,1
Oli,Sakura,1
Bushy,Grandpa,1
Bushy,Ino,1
Bushy,Intense,1
Orochimaru,Rock,1
Burn,Lee,1
Burn,Nawaki,1
Oli,Sarutobi,1
Oli,The,1
Ninja,ramen,1
Ninja,–,1
Ninjas,Sakura,1
Ninjas,Tazuna,1
Ninjas,This,1
Obito,Sasuke,1
Bushy,Cricket,1
Bushy,Genin,1
Ino,Shadow,1
Ino,Sharingan,1
Orochimaru,lt,1
Orochimaru,on,1
Bushy,Jako,1
Orochimaru,Sagi,1
Orochimaru,Sakon,1
Orochimaru,Sanchez,1
Guy,ls,1
Ino,Tunneling,1
Ino,The,1
Ino,Tsuchi,1
Guy,Oli,1
Guy,Raido,1
Guy,Ranmaru,1
Guy,Rokkaku,1
Idate,Sharingan,1
Idate,Shinobi,1
Idate,That,1
Idate,Wagarashi,1
Idate,Wasabi,1
Idate,the,1
Inari,Ninja,1
Guy,Ryudoin,1
Owashi,Tsunade,1
Owwee,Sasuke,1
Pa,Sakura,1
Orochimaru,Transform,1
Orochimaru,Zaku,1
Orochimaru,in,1
Hakkaku,Ichiraku,1
Hakkaku,Ryonin,1
Boulder,KAKASHI,1
Boulder,Neji,1
Boulder,Ninja,1
Boulder,Shikamaru,1
Boulder,ZABUSA,1
Raido,Sasuke,1
Raido,Shikamaru,1
Raido,Shizune,1
Pervy,Rasengen,1
Pervy,Rogue,1
Pervy,Sage,1
Bro,Sasuke,1
Brothel,the,1
Brother,Sasuke,1
Boss,Wasabi,1
Boulder,Hinata,1
Bunzo,the,1
Burn,Chidori,1
Brow,Choji,1
Brow,Crow,1
Brow,Naruto,1
Brow,Sensei,1
Buddha,Jirocho,1
Buddha,Sakura,1
Orochimaru,Sand,1
Orochimaru,Sharingan,1
Orochimaru,Shino,1
Burn,Dan,1
Pervy,Sarutobi,1
Pervy,Sharingan,1
Bunzo,Naruto,1
Bunzo,Shizune,1
Haku,Mommy,1
Haku,Sensei,1
Inari,The,1
Guy,the,1
Guy,this,1
Guy,tim,1
Proctor,on,1
Raido,Rock,1
Haku,Uzumaki,1
Hana,Sakura,1
Hana,Shino,1
Hana,Tsunade,1
Hakkaku,The,1
Hakkaku,ramen,1
Haku,K-Kakashi,1
Haku,Kimimaro,1
Ibiki,Sakura,1
Hyuga,Vendetta,1
Hyuga,branch,1
Hyuga,the,1
I,Kurenai,1
I,Naruto,1
I,ls,1
I-Ibiki,Ibiki,1
Boss,Hokage,1
Boss,Ninja,1
Boss,Sasuke,1
Boss,Shinobi,1
Boss,Uzumaki,1
Pervy,that,1
Pervy,this,1
Ibiki,Ninja,1
Ryuko,Shinobi,1
Ryuko,Wagarashi,1
Ryuko,Wasabi,1
S-Silen,Sensei,1
S-Silen,Zabuza,1
Sagi,Shikamaru,1
Sagi,Shinobi,1
Rogue,Sasuke,1
Raiga,Tenten,1
Raiga,The,1
Bounty,Gosunkugi,1
Bro,Chunin,1
Bro,Hokage,1
Bro,Iruka,1
Bro,Konohamaru,1
Ryudouin,this,1
Rock,Sensei,1
Raijin,The,1
Ran,Rogue,1
Ranmaru,Zabuza,1
Rasengan,Sakon,1
Rasengan,Tunneling,1
Raiga,Rock,1
Raiga,Shinobi,1
Pervy,Tsukuyomi,1
Pervy,Uchiha,1
Pervy,in,1
Pervy,on,1
Renga,Ruiga,1
Renga,Yurinojou,1
Rock,Roger,1
Rock,Sand,1
Ichiraku,Kurosuki,1
Ichiraku,Leaf,1
Ichiraku,Orochimaru,1
Ibiki,Inopig,1
Ibiki,Kabuto,1
Ibiki,Kurenai,1
Ibiki,Lee,1
Roger,the,1
Ichiraku,Sakura,1
Ichiraku,The,1
Ichiraku,Zabuza,1
Idate,Jirochi,1
Ibiki,Sannin,1
Ibiki,Vendetta,1
Ichiraku,Kakashi,1
Ichiraku,Kisame,1
Roger,Tsuzumi,1
Humph,Shizune,1
Humph,Sign,1
Humph,Tayuya,1
Humph,Temari,1
Humph,Tenten,1
Humph,Tsurugi,1
Humph,Tyson,1
Rogue,Sumaru,1
Rogue,Tracker,1
Rokkaku,this,1
Rokusuke,The,1
Rock,–,1
Roger,Rogue,1
Roger,Sakura,1
Roger,The,1
Beast,Yotaka,1
Beeswax,Hinata,1
Bastard,Jirocho,1
Bastard,Naruto,1
Bastard,Sakura,1
Bastard,Sasuke,1
Bastard,Tsunade,1
Bastard,Wagarashi,1
Bikochu,–,1
Billboard,Gaara,1
Billboard,Ino,1
Big,Idate,1
Bikochu,Rasengan,1
Sagi,Tsunade,1
Beast,Sumaru,1
Beast,The,1
Blade,Ninja,1
Blade,Rasengan,1
Bloom,Genin,1
Bloom,Guy,1
Sakon,Sakura,1
Sakon,Tunneling,1
Bikochu,Shino,1
Bikochu,Suzumebachi,1
Rogue,Sannin,1
Rock,Shinobi,1
Rock,The,1
Rock,Todoroki,1
Rock,Tsuzumi,1
Rock,Yakumo,1
Rock,the,1
Black,Gaara,1
Humph,Zaku,1
Humph,a,1
Hyuga,Kazekage,1
Hyuga,Kiba,1
Ayame,ramen,1
Sakon,fatso,1
Sakura,Sarutobi,1
Sakura,Seimei,1
Haruna,Shadow,1
Harutaro,Yagura,1
Hyuga,Uchiha,1
Hyuga,Shadow,1
Hyuga,Temari,1
Hanabi,Naruto,1
Harem,Kakashi,1
Humph,Yoroi,1
Hayate,Sanchez,1
Hayate,Sensei,1
Hayate,Tyson,1
Hiashi,Mark,1
Hiashi,Ole,1
Hiashi,Sanchez,1
Harem,Transform,1
Haruna,Renga,1
Beast,Hokuto,1
Beast,Kujaku,1
B-Bushy,Rock,1
Baki,Gamabunta,1
Baki,Naruto,1
Baki,Shukaku,1
Bastard,Fukusuke,1
Humph,Kin,1
Aoi,Jelly,1
Aoi,Oli,1
Aoi,Shinobi,1
Aoi,The,1
Sand,the,1
Sannin,Sarutobi,1
Sannin,Shinobi,1
Sannin,Toad,1
Sakura,Wagarashi,1
Sakura,Yashamaru,1
Beast,Mizura,1
Beast,Natsuhi,1
Beast,Shadow,1
Beast,Shisou,1
Sakura,Tunneling,1
Saru,The,1
Sakura,lt,1
Sakura,me,1
Sakura,rabbit,1
Sakura,roger,1
Sakura,sonny,1
Sakura,that,1
Sakura,tim,1
Sakura,Ushi,1
Sakura,Shadow,1
Sakura,Shukaku,1
Sakura,Shura,1
Sakura,~FATSO,1
Sanchez,Sasuke,1
Asuma,Genin,1
Asuma,Humph,1
Sakura,ls,1
Humph,Idate,1
Humph,Jiraiya,1
Humph,Jonin,1
Humph,Kiba,1
Sand,Sharingan,1
Sand,me,1
Asuma,Konohamaru,1
Asuma,Neji,1
Humph,Shadow,1
Humph,Shino,1
Humph,Komei,1
Humph,Kunihisa,1
Humph,Kunoichi,1
Humph,Kurenai,1
Humph,Obito,1
Humph,Owwee,1
Hinata,Jonin,1
Hinata,Jutsu,1
Hinata,Kankuro,1
Hokushin,The,1
Hokuto,Kunai,1
Humph,Sakon,1
Humph,Sannin,1
Humph,Sensei,1
Saru,Second,1
Saru,Sensei,1
Asuma,a,1
Attaboy,Genno,1
Sanchez,Temari,1
Sanchez,head,1
Sand,Sarutobi,1
Hoshikage,Kujaku,1
Seimei,The,1
Sensei,Tori,1
Sensei,Unkai,1
Sensei,lsaribi,1
Sasuke,bro,1
Sasuke,ldate,1
Sasuke,lnu,1
Sasuke,sonny,1
Sasuke,Suzumebachi,1
Anbu,Raido,1
Anbu,Sakura,1
Arashi,a,1
Art,Jonin,1
Asuma,Chunin,1
Sarutobi,Shadow,1
Sarutobi,Transform,1
Anko,Uchiha,1
Anko,Yamanaka,1
Anbu,Uchiha,1
Anko,Gekko,1
Anko,Kakashi,1
Anko,Konohamaru,1
Anko,Ninjas,1
Sasuke,Shirker,1
Asuma,Sensei,1
Asuma,Uchiha,1
Anko,Obito,1
Anko,Roger,1
Anko,Sensei,1
Anko,Shadow,1
Anko,Shino,1
Anko,Sound,1
Hokuto,Rogue,1
Hokuto,Shadow,1
Hokuto,star,1
Sasuke,U,1
Aoi,Chidori,1
Aoi,Fukusuke,1
Sasuke,That,1
An,Kurenai,1
Hoshikage,Natsuhiboshi,1
Hoshikage,Shisou,1
Hoshikage,Tsunade,1
Hoshikage,Yotaka,1
Hoshikage,star,1
Hotarubi,Neji,1
Hatake,Ninja,1
Hokuto,Ninja,1
Hokage,Tayuya,1
Hokage,Tazuna,1
Hokage,Toad,1
Hokage,lnari,1
Hayate,Ino,1
Hayate,Naruto,1
Hayate,Ole,1
Hayate,Roger,1
Sasuke,us,1
Satomi,Shino,1
Sasuke,Tora,1
Sasuke,Tsuchi,1
Sasuke,Tsurugi,1
Sasuke,Tyson,1
Hoki,Sasuke,1
Hoki,a,1
Shadow,Shino,1
Shadow,Tenten,1
Shadow,The,1
Akamaru,me,1
Akatsuki,Chakra,1
Akatsuki,Genin,1
Akatsuki,Hokage,1
Akatsuki,Roger,1
Amachi,Anko,1
Amachi,Naruto,1
Amachi,Sensei,1
Amachi,Shino,1
Amachi,lsaribi,1
Sensei,–,1
Senta,Shizune,1
Senta,the,1
Amaterasu,Pervy,1
Amaterasu,Sasuke,1
Ami,Brow,1
Ami,Ino,1
Ami,Sensei,1
Akio,the,1
Alley,Bushy,1
Alley,Guy,1
An,Naruto,1
An,Sakura,1
An,Yuhi,1
Anbu,Hinata,1
Anbu,Kakashi,1
Anbu,Kazekage,1
Amachi,the,1
Amaterasu,Naruto,1
Hidden,Jako,1
Hidden,Kujaku,1
Hidden,Might,1
Hoki,Leaf,1
Hoki,Owashi,1
Shikamaru,Shinobi,1
Anbu,Lee,1
Shadow,Tsunade,1
Hokage,Mondai,1
Hidden,Rokkaku,1
Hidden,The,1
Hoko,Seimei,1
Hokushin,Kakashi,1
Hokushin,Naruto,1
Hokushin,Sagi,1
Hidden,Hoshikage,1
Sharingan,uma,1
Sharingan,ushi,1
Shikaku,Shikamaru,1
Shikaku,Tsunade,1
Hokage,Rasengan,1
Hokage,Roger,1
Hitsuji,The,1
Hokage,McCoy,1
Shikamaru,Shizune,1
Shikamaru,Shukaku,1
Shikamaru,Suiko,1
Shikamaru,Third,1
Shikamaru,Toki,1
Shikamaru,Tunneling,1
Sharingan,Ushi,1
Sharingan,hitsuji,1
Akio,Gon,1
Shikamaru,Udon,1
Shikamaru,Yurinojou,1
Shikamaru,Zaku,1
Akamaru,as,1
Akamaru,him,1
Akamaru,Attaboy,1
Akamaru,Sensei,1
Shino,–,1
Shikamaru,a,1
Shikamaru,as,1
Shikamaru,him,1
Shikamaru,roger,1
Shikamaru,that,1
Akimichi,Kiba,1
Akimichi,Shikamaru,1
Shinobi,sonny,1
Shisou,Tsunade,1
Shizune,Temari,1
Shino,Tobei,1
Shino,Tunneling,1
Shino,Uchiha,1
Shino,Yuhi,1
Shino,on,1
Shadow,Tyson,1
Shadow,the,1
Sharingan,The,1
Sharingan,Tori,1
Shinobi,The,1
Shinobi,Tsunade,1
Shinobi,Wagarashi,1
Shinobi,Wasabi,1
Hokage,Ninjas,1
Hokage,Pakkun,1
Hokage,Pervy,1
Hokage,Poccha,1
Hokage,Raijin,1
Akamaru,Ninja,1
Akamaru,Oli,1
Shizune,Tonton,1
Hokage,Shisui,1
Hokage,Rogue,1
Hokage,Saru,1
Hokage,Second,1
Hinata,Kurobachi,1
Hinata,Lightning,1
Hinata,Misogi,1
Hinata,Murakumo,1
Hitsuji,the,1
Hizashi,Leaf,1
Hizashi,Mark,1
Hokage,Hoshikage,1
Hokage,Hyuga,1
Hinata,My,1
Hinata,Sharingan,1
Hinata,Shizune,1
Akamaru,That,1
Akamaru,Torpedo,1
Shuriken,Zaku,1
Sis,–,1
Sitting,Tsunade,1
Sumaru,Tsunade,1
Tamaya,Tsunade,1
on,–,1
Akamaru,Hinatas,1
Akamaru,Humph,1
Akamaru,Iruka,1
Akamaru,Kidomaru,1
Akamaru,Kimimaro,1
Tori,the,1
Transform,the,1
Tsukiko,the,1
Teuchi,The,1
Akamaru,Leaf,1
Akamaru,Misogi,1
Tayuya,Tunneling,1
Tazuna,The,1
Temari,Tsunade,1
Akamaru,Crow,1
Akamaru,Gosa,1
Akagi,Shugoro,1
Akahoshi,Granny,1
Temari,Tyson,1
Temari,a,1
Temari,the,1
Temari,–,1
Tenten,The,1
Tenten,Tsunade,1
Shizune,lruka,1
Shukaku,–,1
Shun,The,1
Shun,Tsunade,1
Shura,The,1
The,Tonton,1
Akagi,Sasuke,1
Akagi,Senta,1
Tsunada,–,1
Tsunade,Uchiha,1
Tsunade,Yagura,1
Tsunade,Yotaka,1
Tsunade,Yurinojou,1
Tsunade,Yurinoshin,1
Tsunade,bro,1
Agari,Naruto,1
A,The,1
A-Anko,Anko,1
A-Anko,Naruto,1
A-Anko,Shino,1
A-Anko,Yamanaka,1
A-Anko,the,1
ldate,–,1
Abumi,the,1
a,–,1
d,ls,1
fatso,on,1
Yakitori,the,1
Yakumo,ls,1
Yakumo,–,1
ZABUSA,–,1
Zaku,the,1
Akahoshi,Kunoichi,1
Akahoshi,Rogue,1
Akamaru,Anbu,1
Akamaru,Asia,1
The,Tori,1
The,Transform,1
a,in,1
a,the,1
Gaara,Pop,1
Gaara,Ru,1
Gaara,Sensei,1
Gaara,Shinobi,1
Gaara,Tenten,1
Kankuro,Shizune,1
Kankuro,Shikamaru,1
Gaara,Menma,1
Abumi,Sakura,1
Kakashi,Shadow,1
Kakashi,Shijimi,1
Kakashi,Kunoichi,1
Kakashi,Kurosuki,1
Kakashi,Moso,1
Kakashi,Ne,1
Kakashi,Pocha,1
Achilles,Fatso,1
Achilles,Ninja,1
Agari,Hinata,1
Agari,Hokage,1
Tsunade,lruka,1
Tsunade,lt,1
Tsunade,saru,1
Abumi,Naruto,1
Agari,Tsunade,1
Agira,Gensho,1
Agira,Guy,1
Agira,Jako,1
Agira,Rokkaku,1
A,Gamakichi,1
Aburame,Shino,1
Achilles,Choji,1
